Cell_ID,Author_CellType
GTTTGGATCCTATTTG,Ex_Lmx1a_Pgr15l_3
TCAGCCTGTTCTCCCA,Ex_Sim1_Spc25
ACCTACCGTCACAATC,Ex_Sim1_Otp_1
CTCAAGACACTTGGGC,Ex_Sim1_Spc25
TCACATTTCGCTTACC,Ex_Nkx2-1_Pmch_1
GATCGTACACTGGACC,Ex_Sim1_Spc25
TATCTTGCACCTCTAC,Ex_Sim1_Dnah8_Oxt
TCAGTCCTCCCTTCCC,Ex_Lmx1a_Kcp_1
ATGGGTTCATGACACT,Ex_Nkx2-1_Pmch_1
CATTGTTCACCTGCTT,Ex_Sim1_Spc25
CTCCTTTAGTCCCGAC,Ex_Nkx2-1_Pmch_2
GAGTTTGCAGCAGATG,Ex_Nkx2-4_Spp1_1
TCACGCTAGACCTTTG,Ex_Nkx2-1_Pmch_2
AGCGATTTCGTCCTCA,Ex_Sim1_Spc25
CTATAGGTCGCCTAGG,Ex_Nkx2-1_Pmch_1
TCATTGTGTCGGTGAA,Ex_Sim1_Spc25
ACTTTCATCTTGGTGA,Ex_Nkx2-1_Pmch_1
TACTTCACAGTGACCC,CholInh_Ecel1_Ghrh_1
ATTATCCCAATGTTGC,Ex_Lmx1a_Dnaaf6b_1
TTACAGGGTTCAACGT,Inh_Otx2_Lmcd1
ACTTCCGAGGCACTCC,Ex_Lmx1a_Kcp_1
CAGGTATAGCTTAGTC,Ex_Nkx2-1_Pmch_1
TGTTGAGGTTAGAAAC,Ex_Nkx2-1_Pmch_1
TCCACCAAGTCTTCCC,Ex_Nkx2-4_Mgmt
CCAATGATCCAGCAAT,Ex_Sim1_Spc25
ATGGGTTGTATGTCAC,Ex_Sim1_Spc25
TGAGCATGTAGCTGCC,Ex_Nkx2-1_Pmch_1
CAGATCAGTCCCGGTA,Ex_Nkx2-1_Pmch_2
TAGACTGCAATGTCAC,Ex_Nkx2-1_Pmch_1
CCTCTAGTCATTTGCT,Ex_Lmx1a_Dnaaf6b_1
GATGACTAGCGGACAT,Ex_Nkx2-1_Pmch_2
TACTTGTTCCGCAAAT,Ex_Lmx1a_Cckar_2
CCGGGTACATGATGCT,Ex_Nkx2-1_Pmch_1
AGAAGCGGTGAGAACC,Ex_Nkx2-1_Pmch_1
TGAATCGTCTCGTCAC,Ex_Lmx1a_Kcp_2
ACTTTCACATGTGCCG,Inh_Nkx2-2_Efhb_2
ACATCGACAGCATTGT,Ex_Nkx2-1_Pmch_2
CAGTTCCGTACGACTT,Ex_Sim1_Crh_1
CGCATAATCTCCTACG,Ex_Nkx2-1_Pmch_2
CAGCAGCCATGCAGCC,Ex_Lmx1a_Cckar_3
GCCATGGCATATCTCT,Ex_Skor1_Frem1_2
TACGCTCAGCCTGTCG,Ex_Sim1_Foxb1
TATCCTACAGCAGTAG,Ex_Nkx2-4_Calcr_6
ATTCCATGTATCGATC,Ex_Nkx2-1_Pmch_1
CTCATTATCGATTGAC,Inh_Six3_Pvalb_Rxfp2_1
AAGGTAACACGCTGCA,Ex_Sim1_Pla2r1
TCCTCGACACTGTTCC,Ex_Skor1_Slc5a7_1
AGTTCGAGTAGTGATA,Ex_Sim1_Pla2r1
GGATGTTCATTAAGCC,Ex_Nkx2-1_Pmch_2
AACCATGCACTTGAAC,Ex_Nkx2-1_Pmch_2
CGCATAAAGTGCAGGT,Ex_Sim1_Spc25
CATACAGCACACCGCA,Inh_Lhx6_Vip
TCCCACATCGTCTAAG,Ex_Nkx2-1_Pmch_2
CTCCGATAGTGCCCGT,Ex_Lmx1a_Kcp_3
GCAACCGCAGCGGTTC,Ex_Nkx2-1_Pmch_2
CACGTGGCAGCCGTCA,Ex_Fezf1_Bnc2_2
AACACACGTTGCAACT,Ex_Nkx2-1_Pmch_1
TGGGAAGCACACGCCA,Ex_Nkx2-1_Pmch_1
CATTGAGTCGGTAAGG,Ex_Sim1_Foxb1
TAACCAGTCCCATTTA,Ex_Sim1_Foxb1
TACACCCCAGCTGAGA,Ex_Sim1_Foxb1
GTAGGTTCACAACATC,Ex_Sim1_Foxb1
CAGTTCCTCGGCCAAC,Ex_Lmx1a_Kcp_3
ACGATGTAGGTCATCT,Ex_Nkx2-4_Mgmt
TACTGCCAGCGTGAGT,Ex_Nkx2-1_Pmch_1
CAGCAGCTCTCAAAGC,Ex_Sim1_Trh_11
CACTAAGTCCGTACGG,Inh_Lhx6_Crhbp_2
TTTCCTCCATCATGAC,Ex_Sim1_Nkx2-2_Asb4_4
TGCATCCCAGAAGCTG,Ex_Sim1_Clca3a2_2
CATCCCACATCTCGTC,Ex_Nkx2-4_Calcr_6
GCCAGGTGTCGTTCAA,Ex_Nkx2-4_Serpinb1b
ATCAGGTTCGATAACC,Ex_Nkx2-4_Svep1_1
ATTCACTGTACTAAGA,Ex_Sim1_Spc25
TTCCTAACATGCGTGC,Ex_Sim1_Pla2r1
TTGCATTAGAGAGCGG,Ex_Sim1_Spc25
ACAGCCGAGGACTGGT,Ex_Lhx5_Bmp3
GCTGGGTTCCCGTGTT,Ex_Nkx2-1_Pmch_2
ACCAAACAGCATACTC,Ex_Sim1_Foxb1
GCCAGCATCGTTATCT,Inh_Lhx1_Dlk1_1
AACCAACCAAATAGCA,Ex_Skor1_Samd3_4
CAGGCCATCGCTGCGA,Ex_Skor1_Slc17a8_1
ATTCACTCAACGCATT,Inh_Nkx2-2_Efhb_1
CACTTCGCACAACGTT,Ex_Samd3_Emx2_6
CCGATGGCACCCAAGC,Ex_Nkx2-4_Grpr_3
CATCGTCAGACTGGGT,Ex_Nkx2-1_Pmch_2
GAATCACTCCACCTGT,CholInh_Ecel1_Ghrh_1
CCACCATCAGCCCACA,Inh_Tbx3_Serpina3n_1
ATCTTCACAAGCGCAA,Ex_Sim1_Trh_11
ATTACCTGTCAGACGA,Ex_Lmx1a_Itih5_2
CTATCCGGTATGGTTC,Ex_Sim1_Pla2r1
ACATTTCCAGTTCTAG,Ex_Sim1_Spc25
CCCAACTAGCGCCATC,Ex_Nkx2-4_Spp1_2
TATATCCTCGGCAGTC,Ex_Skor1_Daam2_Cnga3
CAGCAATTCGTAGCCG,Ex_Sim1_Trh_11
ACTATTCTCTACTCAT,Ex_Nkx2-4_Calcr_8
GCTACAACAAGAAATC,Ex_Lmx1a_Kcp_3
GAATCGTCAAGATTGA,Ex_Nkx2-1_Pmch_1
TAGGTTGAGGATTACA,Ex_Sim1_Trh_10
TCAGTCCGTGCCGTAC,Ex_Fezf1_Bnc2_2
CTCCCAACACCCTAAA,CholInh_Ecel1_Ghrh_2
CCAAGCGCACGATAGG,Ex_Sim1_Pla2r1
CCACCATAGTGATAAC,Ex_Sim1_Lmcd1
TATCGCCAGTACTGGG,Inh_Six6_Th
AGAAATGCAAGGCGTA,Ex_Sim1_Crh_1
TCAATTCGTTCGGACC,Ex_Sim1_Otp_1
TAGGAGGGTAGCTGCC,Inh_Nkx2-1_Antxr2
GATGCTAAGGGCATGT,Ex_Sim1_Pla2r1
TCTAACTTCGCCGAGT,CholInh_Ecel1_Ghrh_1
TTCCTTCAGTAAAGCT,Ex_Sim1_Trh_10
CTGCATCAGCTATCCA,Ex_Sim1_Clca3a2_2
CGTTCTGAGGATAATC,Ex_Sim1_Clca3a2_2
GTCCACTGTTGGGCCT,CholInh_Ecel1_Ghrh_2
CGGGCATTCTGGACTA,Ex_Sim1_Trh_10
ACCTGAACATATCGGT,Ex_Sim1_Nkx2-2_Asb4_4
GATCACACAACGATTC,Ex_Nkx2-4_Calcr_8
TGACAGTTCGACACCG,CholInh_Ecel1_Ghrh_2
GTAGGTTAGTGCGACA,Ex_Nkx2-4_Calcr_6
GTCTGTCGTGGAACCA,Ex_Sim1_Spc25
GTCAGCGTCAAATGAG,Ex_Sim1_Trh_10
GTGCAGCTCACGGGAA,Ex_Nkx2-1_Pmch_1
TCATACTGTGTACAGG,OPC_Cspg5
ACAGGGAAGGTTACCT,Ex_Nkx2-4_Svep1_1
ACGTACACATTGCCTC,Inh_Tbx3_Serpina3n_1
CTCCCAAGTGTGCTTA,Ex_Sim1_Foxb1
ATCTCTAGTCATCTAG,Ex_Nkx2-4_Spp1_1
AGACAGGCATTGCTTT,Ex_Sim1_Pla2r1
TTAATCCTCAACTTTC,Inh_Six6_Th
TCTACCGTCTTCGTAT,Ex_Lmx1a_Kcp_1
ACGCACGAGTGGTGGT,Inh_Tbx3_Serpina3n_1
ACTTCGCTCAGTCACA,Ex_Sim1_Pla2r1
TTAGGCAGTGACCGAA,Ex_Sim1_Otp_3
CGGCAGTTCCTACGGG,Ex_Lmx1a_Bnc2
TTCAGGATCCATGATG,Ex_Sim1_Spc25
TCACATTTCCACAAGT,OPC_Cspg5
TGGAACTGTTTGCCGG,CholInh_Ecel1_Ghrh_1
CGGACACAGCGATTCT,Inh_Sox6_Btc
GGGCTCAAGCACCTGC,Ex_Nkx2-1_Pmch_2
TTGGGATAGCACAAAT,Ex_Sim1_Clca3a2_2
CATACCCAGGCAGTCA,Ex_Sim1_Pla2r1
CTATAGGTCACTGTCC,CholInh_Ecel1_Ghrh_2
TGAATGCGTAGGTCAG,Ex_Skor1_Slc17a8_1
CAACGATTCTACCCAC,CholInh_Ecel1_Ghrh_2
GAGTTGTTCTCTCGCA,Ex_Sim1_Clca3a2_2
CGTCAAATCATTTGGG,Ex_Sim1_Pla2r1
TTGAACGGTTGTATGC,Ex_Lmx1a_Kcp_1
ATTGGGTCAGGATTCT,Inh_Nkx2-2_Gm16223_1
TATCTTGCATTGTCGA,Ex_Skor1_Samd3_4
TAGTGCAGTTGCCGCA,Inh_Six6_Th
GCTTGGGCAAATCAGA,Ex_Nkx2-1_Pmch_1
TCGTAGACAACGAGGT,Ex_Sim1_Otp_4
CCCATTGCAGCGAGTA,Ex_Sim1_Foxb1
CACGTTCAGGGCGAGA,Ex_Sim1_Lmcd1
CGGCAGTGTTAAGAAC,Ex_Nkx2-4_Spp1_1
GGGTCACTCGAACGCC,Ex_Sim1_Clca3a2_2
CATACCCTCACGGAGA,Ex_Skor1_Slc5a7_2
CCCGAAGGTTACCCTC,Ex_Sim1_Pla2r1
ACTTATCGTCGACGCT,CholInh_Ecel1_Ghrh_1
ATTGTTCCACTTGAAC,OPC_Cspg5
CCTAAGATCCAAGGGA,Ex_Sim1_Clca3a2_1
ACTACGACACGCGGTT,CholInh_Ecel1_Ghrh_2
TCTGGCTAGGCTTCCG,Ex_Sim1_Tnxb_2
TTCGATTCATCATCTT,Inh_Six3_Pvalb_Rxfp2_1
TTTGGAGCATCATCCC,Inh_Lhx6_Nkx2-4_1
AAGAACACAACAAGTA,Inh_Tbx3_Serpina3n_2
ATCCGTCTCTCGACGG,Ex_Sim1_Otp_1
GACCGTGAGAGTTGCG,Ex_Lmx1a_Kcp_3
GTAGGTTTCGACGTCG,Ex_Sim1_Aox3_1
TCGCTCAAGACACACG,Ex_Sim1_Clca3a2_1
AGCGTATCATAGGCGA,Ex_C1ql4_Serpina12
GAAGGGTTCAACCGAT,Ex_Sim1_Pla2r1
CTCCCAAAGGACAGTC,Ex_Nkx2-1_Pmch_2
TCCTCTTAGCAAATGT,CholInh_Ecel1_Ghrh_2
CTGCCATTCGTGGAAG,Ex_Sim1_Pla2r1
AAGACTCTCCTCTCGA,OPC_Cspg5
CTCAGGGGTCATTGCA,CholInh_Ecel1_Ghrh_2
TGATTTCAGGAGGCAG,Ex_Sim1_Pla2r1
CAACCTCCACGGTGTC,Ex_Sim1_Foxb1
CCTGTTGAGTCACACT,Ex_Nkx2-4_Calcr_8
ACCATTTCACATATGC,Ex_Skor1_Kcnmb1
ACATTTCCAATGTTGC,Ex_Sim1_Foxb1
GACCGTGAGATAGCAT,Inh_Tbx3_Atf7ip2
CATGCTCTCGCATTGA,Inh_Tbx3_Serpina3n_1
CTGTGAATCTACTATC,Ex_Fezf1_Bnc2_2
TGTAAGCCAGTTAAAG,Ex_Sim1_Pla2r1
GGCACGTCACGGCACT,Ex_Sim1_Otp_3
CATGCTCGTGCATGTT,Ex_Sim1_Pla2r1
CAGGGCTTCAAGTAAG,Ex_Skor1_Kcnmb1
ACATTTCGTCCTTAAG,Ex_Pitx2_Odad2_1
TCAATTCAGCCGGAAT,Ex_Sim1_Nkx2-2_Asb4_2
TTGGATGAGAAATGGG,Ex_Sim1_Tnxb_2
GATTCTTTCAGCCTTC,Ex_Sim1_Pla2r1
TAAGCGTTCTGGTCAA,Ex_Sim1_Pla2r1
ACGTAACTCCGATTAG,CholInh_Ecel1_Ghrh_2
ATTCTTGGTTTGTTGG,Ex_Sim1_Otp_2
TTCACGCTCTCGACCT,Inh_Six6_Th
TAACGACAGCAAGTGC,Ex_Sim1_Dnah8_Oxt
ACAGAAACAGGCTTGC,Inh_Sox14_Scgn
CACGTGGTCGGTATGT,Ex_Sim1_Spc25
TTGGGATGTCGCTGCA,Ex_Skor1_Galr1
GGAGATGTCACTACTT,CholInh_Ecel1_Ghrh_2
TGGTTAGAGGAGCAAA,Ex_Sim1_Trh_10
CCTTCAGGTCCTTGTC,Ex_Sim1_Pla2r1
ATTCCATCACATTCTT,Ex_Sim1_Tnxb_2
TCAGCAAGTCCACTTC,Ex_Nkx2-1_Pmch_1
CAAGACTTCTTACCAT,Inh_Lhx1_Nkx2-4_3
TGGGATTAGTAAATGC,Inh_Tbx3_Scn11a
TGCAGTATCCTTCACG,Ex_Nkx2-4_Serpinb1b
CGGGTCACAGTCCGTG,Ex_Sim1_Clca3a2_1
CAACGGCAGACTCGAG,Ex_Sim1_Pla2r1
AACCATGGTTGCCTAA,Ex_Nkx2-1_Pmch_1
ACATCGACAGCAGTGA,Inh_Tbx3_Fli1_1
ATCCTATCACGGTCTG,Inh_Tbx3_Serpina3n_1
CATTGCCCACTTGAGT,Ex_Fezf1_Bnc2_1
TCCCACAGTCCACATA,Ex_Sim1_Trh_8
GGCTGTGGTCATCGGC,Ex_Sim1_Spc25
CTTTCGGTCCAGTGTA,Ex_Sim1_Crh_3
TTATTGCAGGGATCAC,Ex_Sim1_Pla2r1
ACGTTCCAGCGAGTCA,OPC_Cspg5
CTACCTGCACTCAGAT,Ex_Nkx2-1_Pmch_2
CTCAGTCTCGAGTGGA,CholInh_Ecel1_Ghrh_2
CTCAGGGGTCGACTGC,Ex_Skor1_Slc17a8_1
CAACGGCAGCTTTGTG,Inh_Tbx3_Serpina3n_1
CCTCAGTGTACTGAGG,Ex_Sim1_Spc25
GGCTTGGCACTTGTGA,Inh_Tbx3_Fli1_1
AAAGGGCGTATGCTTG,Ex_Sim1_Spc25
CTCTCAGGTCATCGCG,Ex_Sim1_Otp_5
TAAGTCGGTGGATCGA,Ex_Lmx1a_Kcp_1
CTCATTAGTACCATAC,CholInh_Ecel1_Ghrh_2
TTAATCCTCAATCCGA,Ex_Sim1_Trh_11
AGGGCTCGTAGAGCTG,Ex_Nkx2-1_Pmch_2
ACGGGTCGTCAGTCTA,Ex_Sim1_Spc25
ACTCTCGGTGGGACAT,Ex_Sim1_Tnxb_2
GAAGCGAGTTAGAGTA,Ex_Nkx2-4_Spp1_2
TACGGTAAGAGGACTC,CholInh_Ecel1_Ghrh_2
TGACGCGCAGCAGTGA,CholInh_Ecel1_Ghrh_1
GTGAGGAGTCCAGTTA,Inh_Six6_Th
CCTCCAAAGGTAGATT,Ex_Sim1_Pla2r1
CCTTTGGGTGCCGAAA,Ex_Nkx2-1_Pmch_2
GTAATGCGTTGTGTTG,Ex_Sim1_Foxb1
TGTTACTGTACGTAGG,Ex_Nkx2-1_Pmch_2
TCCCAGTTCCTGTTAT,Ex_Sim1_Otp_3
TACTGCCAGTTGGCTT,Ex_Sim1_Foxb1
TTGGATGAGTTGCATC,Ex_Sim1_Dnah8_Oxt
TCAAGTGAGTCTCTGA,Ex_Lmx1a_Kcp_1
TCCACGTAGATGCAGC,Ex_Lmx1a_H2-Q10_2
CTTGAGAGTCCGCAGT,Ex_Sim1_Pla2r1
TCATTGTGTCCGACGT,Ex_Nkx2-4_Serpinb1b
GGTCACGCACTCGATA,Ex_Nkx2-1_Pmch_1
ATTCTTGAGGAATCGC,Inh_Lhx1_Dlk1_1
GCAACATCAATAACCC,Ex_Sim1_Clca3a2_2
TTTACTGGTAACTGCT,Ex_Sim1_Foxb1
CTAACCCAGATGACAT,Ex_Nkx2-4_Calcr_3
CGTCAAATCCGAGAAG,Ex_Skor1_Kcnmb1
TGGTGATTCTGAGATC,Ex_Lmx1a_Kcp_2
GACCCTTGTCCCGGTA,Ex_Sim1_Clca3a2_2
CCGGGTACAGACACAG,Ex_Sim1_Pla2r1
TTTCCTCAGCAGCGAT,Inh_Six6_Th
AGGAAATCACGCGCAT,Ex_Sim1_Clca3a2_2
AGCCAGCGTCTAGGCC,Ex_Nkx2-4_Calcr_6
GGGATCCAGCATCCTA,Ex_Sim1_Clca3a2_1
ATTACTCCATGACACT,Inh_Nkx2-2_Efhb_2
GAACTGTAGGTAAGTT,Inh_Tbx3_Serpina3n_2
TATTCCATCGACGCGT,Ex_Nkx2-2_Grp_1
TCAATTCGTCCAAGAG,Ex_Sim1_Trh_11
TGATCAGTCGAGTGGA,Ex_Lmx1a_H2-Q10_2
GCATCGGCACACGTGC,Inh_Tbx3_Serpina3n_2
ACTCCCATCTACGCAA,Ex_Nkx2-4_Calcr_2
ATGATCGAGGGCCAAT,Inh_Lhx6_Th_Crh
TCAGTGACAACGCATT,CholInh_Ecel1_Ghrh_2
GACCCAGTCCCTCGAT,Ex_Lmx1a_Cckar_1
GTGTTAGGTCCAAATC,Ex_Sim1_Foxb1
TGATGGTAGCTGCCAC,Ex_Lmx1a_Kcp_1
TCTACCGAGACATAAC,Inh_Tbx3_Serpina3n_1
GAGAAATAGCAGGCTA,Ex_Nkx2-4_Serpinb1b
CTCATGCGTATGCGGA,Inh_Six3_Pvalb_Angpt1
ACGGAAGAGGTTCTTG,Ex_Skor1_Frem1_3
CACAGATAGCCGGAAT,CholInh_Ecel1_Ghrh_2
CAGGGCTCAATTGTGC,Ex_Nkx2-4_Calcr_3
TGCTGAATCACTCGAA,OPC_Cspg5
TCATGGACATACAGCT,CholInh_Ecel1_Ghrh_2
TGATTCTGTCTGCGCA,Ex_Sim1_Pla2r1
CCGATCTGTTTGACAC,Ex_Nkx2-1_Pmch_1
TCCACGTAGTATGTAG,Ex_Skor1_Hpgd_2
AAGTTCGTCACCTCTG,CholInh_Ecel1_Ghrh_1
TCACTCGGTGTTGCCG,OPC_Cspg5
AGATCGTTCAAATGAG,Ex_Lmx1a_H2-Q10_3
TGAGCGCTCATTCTTG,Ex_Nkx2-4_Calcr_6
AGAACAATCTCGACGG,Ex_Sim1_Foxb1
GGGACTCGTCTGATCA,Inh_Lhx1_Erfl_1
GAGCTGCTCGTGTGGC,Ex_Sim1_Pla2r1
AACCCAAAGTGAGTGC,Ex_Sim1_Dnah8_Oxt
CTCATGCAGAGGCGTT,Ex_Sim1_Nkx2-2_Asb4_2
ATGAGGGCAGAGAAAG,Ex_Nkx2-1_Pmch_1
CCGATGGAGCATGATA,Inh_Tbx3_Fli1_1
TCAAGCACATTGGATC,Inh_Tbx3_Serpina3n_1
AATTCCTAGGAATGTT,Ex_Lmx1a_Kcp_1
TTTCATGCAGATGCGA,Ex_Samd3_Emx2_6
TGATGGTCATGTGGCC,Ex_Sim1_Tnxb_2
GCCGATGAGCCACCGT,Ex_Nkx2-1_Pmch_2
CAGTTAGAGGGCTTCC,Ex_Sim1_Trh_11
GTAACCACAAAGAGTT,Ex_Nkx2-4_Calcr_3
ATTACCTTCATTACTC,Inh_Tbx3_Serpina3n_1
AAGTCGTGTCTTGAAC,Inh_Meox2_Csta2
TTACCATTCTACTGAG,Ex_Nkx2-4_Calcr_8
TATTTCGCAAAGCAAT,Ex_Sim1_Foxb1
CGGGACTAGAATTTGG,Inh_Tbx3_Serpina3n_2
TGAGTCAGTCGAAACG,Ex_C1ql4_Serpina12
TTCCTTCCACACCGCA,OPC_Cspg5
CATCGCTGTATGTCAC,Inh_Tbx3_Serpina3n_2
CACCAAAGTAGCTGCC,OPC_Cspg5
TCGATTTCAGTGCGCT,Ex_Sim1_Spc25
TGGCGTGTCCCGAGAC,Ex_Dmrta2_Rxfp2_2
AGTGATCGTCTACACA,Inh_Six6_Th
TTCCAATTCCGATTAG,Ex_Sim1_Foxb1
GGTGTCGTCTTGGATG,Ex_Sim1_Otp_1
GTAGTACCACCAACAT,Ex_Sim1_Foxb1
AATGGAATCTTGGCTC,Ex_Sim1_Clca3a2_2
CTCATGCTCCGTACGG,Ex_Sim1_Foxb1
TCACTCGCATGCGGTC,Ex_Sim1_Foxb1
ACTTCCGTCTGCGGCA,Ex_Nkx2-4_Grpr_1
CACTGGGAGGAAGTCC,Ex_Lmx1a_H2-Q10_2
GCTGGGTGTCTAACTG,CholInh_Ecel1_Ghrh_1
ATGCATGTCTATCGCC,OPC_Cspg5
CCGGTGAAGGTGGCTA,Inh_Tbx3_Atf7ip2
ATCCACCCATACCGTA,Ex_C1ql4_Serpina12
TCGGGTGTCTATCGGA,Inh_Nkx2-2_Efhb_2
CGCATGGGTACGGATG,CholInh_Ecel1_Ghrh_2
AAGTCGTTCTGGCCAG,Ex_Sim1_Foxb1
ACTTAGGTCGTGGCGT,ExInh_Lmx1b_Nmu_2
GTAGGTTTCATGGATC,Ex_Sim1_Pla2r1
TTCACGCCACCTGCGA,Inh_Tbx3_Serpina3n_2
TTCGCTGAGTGGACGT,Ex_Sim1_Spc25
AACCCAAAGCAATTAG,Ex_Sim1_Foxb1
GTCCCATGTCGTTTCC,Ex_Sim1_Dnah8_Oxt
TGAGCATTCGTAGAGG,CholInh_Ecel1_Ghrh_2
CCCATTGTCTCCACTG,OPC_Cspg5
TACAACGTCGGCTCTT,CholInh_Ecel1_Ghrh_2
TACTTACGTACGATGG,Oligo_Opalin_Synpr
TGGTGATCAGGGAGAG,Inh_Six6_Th
GGGTTTAGTGCCGTAC,Ex_Sim1_Pla2r1
AGCCAGCGTCACCGAC,Ex_Nkx2-1_Pmch_2
CCTTTGGCACTACAGT,Ex_Sim1_Dnah8_Oxt
GGGAGATAGTGAACAT,Ex_Nkx2-1_Pmch_1
ATCTCTAAGTCCCAGC,CholInh_Ecel1_Ghrh_2
TTGCTGCAGATGAATC,Inh_Lhx1_Nkx2-4_1
TCTATCAAGCCTCAAT,OPC_Cspg5
TCATGGAGTATCAGCT,Ex_Nkx2-4_Grpr_3
CTAAGTGGTGGATTTC,Ex_Nkx2-1_Pmch_1
ATGGAGGTCGTACACA,Ex_Nkx2-4_Spp1_2
CCGATGGAGATACCAA,Ex_Sim1_Crh_3
TCGACGGGTACGAGCA,Ex_Sim1_Pla2r1
TGTGGCGGTGTTCAGT,Ex_Sim1_Otp_1
AGTCATGGTCCACTTC,Ex_Nkx2-1_Pmch_1
GTTGTGATCAACCTTT,Inh_Tbx3_Serpina3n_1
AAGATAGTCGTGGCTG,Ex_Sim1_Trh_10
TTCACGCTCCATTGGA,Ex_Sim1_Otp_3
GGGCGTTAGCTGCCTG,Ex_Sim1_Pla2r1
CTGGTCTTCACTGTTT,CholInh_Ecel1_Ghrh_2
GTGGCGTGTTGGCCTG,Ex_Sim1_Spc25
ATGACCACATTGACCA,Ex_Sim1_Tnxb_2
GTGGGAATCCAATGCA,Ex_Sim1_Spc25
GTTGCTCCAGGTCAGA,Inh_Six6_Th
GTGGAAGCACCGGCTA,Ex_Nkx2-4_Calcr_9
CACCAAAGTAGGCTCC,OPC_Cspg5
GAGTCATGTTCCTAAG,Inh_Tbx3_Scn11a
GCTCAAAGTCTCACGG,OPC_Cspg5
ATCGTGAAGCAACTTC,Inh_Tbx3_Serpina3n_1
TGACAGTTCCCTTGGT,Inh_Lhx1_Mdfic2
ATCCATTGTCCAAATC,CholInh_Ecel1_Ghrh_2
GTCACTCTCCCATGGG,Ex_Sim1_Pla2r1
TGTTACTTCATTACGG,Inh_Tbx3_Serpina3n_1
TTTGATCCAGTCCCGA,Ex_Sim1_Otp_3
GGTGATTTCCCGAAAT,Inh_Nkx2-1_Antxr2
AGCATCACATATAGCC,Ex_Sim1_Nkx2-2_Asb4_2
GATAGCTCATTCTTCA,Ex_Skor1_Frem1_3
AGATAGAGTTGAGTCT,Inh_Six6_Th
GACTATGCAGCCGTCA,Inh_Tbx3_Fli1_1
TGGAGGATCATATGGC,OPC_Cspg5
CAGTGCGCATATCTCT,Inh_Tbx3_Fli1_1
GGGAAGTAGCAATAGT,Ex_Lmx1a_H2-Q10_2
ATGGAGGTCTCGGTAA,Inh_Nkx2-2_Efhb_2
TGTACAGGTTTAGACC,Ex_Sim1_Pla2r1
GTAATGCGTATGGAGC,Ex_Nkx2-1_Pmch_2
AACGAAATCCACACCT,CholInh_Ecel1_Ghrh_2
GTTCATTCAAGACGGT,Ex_Lmx1a_H2-Q10_3
AGTAACCCACCAACAT,Ex_Lmx1a_Kcp_2
CCATCACGTTATAGAG,OPC_Cspg5
CACGAATCAACAAGAT,Ex_Nkx2-1_Pmch_1
GGCTTTCAGGGTACGT,Ex_Sim1_Trh_10
ACACAGTTCTGATTCT,Ex_Sim1_Pla2r1
GATGACTGTATGCGTT,Ex_C1ql4_Serpina12
CTCAAGAGTGCATTAC,CholInh_Ecel1_Ghrh_2
CTACAGACATCGGAAG,Ex_Sim1_Pla2r1
GCTTGGGGTAAGATAC,Ex_Sim1_Pla2r1
GATTCGAGTATAGGAT,Ex_Sim1_Foxb1
TGTGATGAGTCGGGAT,Ex_Nkx2-1_Pmch_2
TAGAGTCTCGGCATAT,Inh_Tbx3_Serpina3n_1
GGAAGTGGTTCCGCAG,Ex_Sim1_Ghrh
TCTTAGTCATGAGTAA,Inh_Six6_Th
TCGTGCTTCAAACCCA,Ex_Sall3_Crabp1_2
AGGTTGTCATGTAACC,Ex_Sim1_Pla2r1
TTCTAACGTAACCAGG,Inh_Lhx1_Dlk1_1
AGCCACGGTTGCCTAA,OPC_Cspg5
ACATTTCAGATAGTCA,Ex_C1ql4_Serpina12
CGCCAGAGTGGCATCC,Ex_Sim1_Foxb1
ATGACCAGTGTGCCTG,Inh_Six6_Th
CGATGCGGTTCGTAAC,Ex_Sim1_Spc25
GCGATCGAGCTCGGCT,CholInh_Ecel1_Ghrh_2
CATGCGGCATGACTCA,Ex_Sim1_Pla2r1
CATCGGGCATAGACTC,Ex_Sim1_Trh_11
AATAGAGTCCGGACTG,CholInh_Ecel1_Ghrh_2
ATTCACTAGTGCGTCC,CholInh_Ecel1_Ghrh_2
TGTAGACCACCGCTGA,Ex_Sim1_Foxb1
TCATATCTCTCGCAGG,CholInh_Ecel1_Ghrh_1
CCTACGTGTATCACCA,Inh_Tbx3_Scn11a
TGATGCACAACCCGCA,CholInh_Ecel1_Ghrh_2
ACTCCCAAGGACTGGT,Ex_Sim1_Otp_2
TGTGAGTCATTCTCCG,Ex_Sim1_Pla2r1
TGTTCATGTGCAATAA,OPC_Cspg5
TAGGTTGCATCAGCGC,Inh_Tbx3_Serpina3n_1
GCAACCGAGACACACG,Ex_Nkx2-4_Spp1_2
TCATTGTCAGAGTTGG,Inh_Tbx3_Serpina3n_2
TCACAAGTCCCGTTGT,OPC_Cspg5
ATTCCTATCTGCATAG,CholInh_Ecel1_Ghrh_2
TCCAGAATCGTTCCTG,Inh_Lhx1_Dlk1_1
TTCCGTGCATGGTGGA,Inh_Nkx2-2_Efhb_2
AATAGAGCATCTTCGC,Inh_Tbx3_Scn11a
GTCACTCGTTAAGGAT,Ex_Nkx2-1_Pmch_2
GTGGAGACACTTTAGG,CholInh_Ecel1_Ghrh_2
AGGGTTTGTTCCTAAG,CholInh_Ecel1_Ghrh_2
CTCATTAGTGTCCAAT,Oligo_Opalin_Synpr
AAAGTCCAGCGCTGAA,OPC_Cspg5
GTAATGCAGGTACATA,Inh_Tbx3_Serpina3n_1
CTCCACAAGCAGATAT,Ex_Sim1_Pla2r1
AAATGGACAGGTGTGA,Ex_Sim1_Trh_11
CCTGTTGAGGGAGTTC,Ex_Sim1_Clca3a2_1
GTGCTTCGTCCAGGTC,Ex_Lmx1a_Kcp_2
CAACGGCCAAATAGCA,Oligo_Opalin_Synpr
TCTTAGTTCTGGGATT,Ex_Lmx1a_Kcp_1
CCACAAATCACAAGAA,CholInh_Ecel1_Ghrh_2
TCTGGCTGTTTCGCTC,Inh_Tbx3_Scn11a
TGAGCGCCAGTTGCGC,OPC_Cspg5
TCCACCATCTCCAAGA,OPC_Cspg5
CACTGTCAGCCATTTG,Inh_Tbx3_Serpina3n_1
TGTGAGTGTGAGTTGG,Inh_Tbx3_Serpina3n_1
TCACGGGTCAATGTCG,CholInh_Ecel1_Ghrh_2
CGGGCATGTGTGTGGA,Ex_Sim1_Nkx2-2_Asb4_2
GGGTATTGTAATCAAG,Inh_Tbx3_Serpina3n_1
CTAGACAGTAAGATCA,OPC_Cspg5
AGGACTTCAACACACT,Ex_Sim1_Pla2r1
TCAGCCTCAGGCATTT,OPC_Cspg5
CTGAGCGGTGAGTTGG,Ex_Ebf2_Niban1_1
GCCAGTGTCCGTCACT,CholInh_Ecel1_Ghrh_2
GGCGTCAAGCTTGTGT,Ex_Nkx2-4_Calcr_3
TACCCGTCACTGTCGG,OPC_Cspg5
ACACCAATCGACCATA,OPC_Cspg5
CATGGATCAGAGAATT,CholInh_Ecel1_Ghrh_2
ATCACTTGTGATGTAA,Ex_Nkx2-4_Calcr_9
ATCACGATCGTTCAGA,OPC_Cspg5
TGTAGACAGAACCCGA,Ex_Sim1_Spc25
AACCTGAAGCATGCAG,Inh_Lhx1_Nkx2-4_1
CCACTTGAGGTAAACT,OPC_Cspg5
TGGGATTAGAAGTCAT,Ex_Sim1_Trh_11
GACTTCCTCCCGGTAG,Ex_Sim1_Pla2r1
GTCACGGCATTCTCTA,Inh_Lhx6_Nkx2-4_1
CTCGAGGCAAGACGAC,Ex_Sim1_Pla2r1
ATACCTTAGGTTGCCC,OPC_Cspg5
TTCTTGAGTAGAATAC,OPC_Cspg5
ATTACCTCAAAGAACT,Inh_Tbx3_Serpina3n_1
AGCTCAAGTAAGAACT,OPC_Cspg5
AAGACTCAGCATTGAA,Ex_Sim1_Foxb1
CGGAATTCAGCTATTG,CholInh_Ecel1_Ghrh_2
GCTTGGGGTTACCCTC,OPC_Cspg5
TCATCATCAGGTTCCG,OPC_Cspg5
GTTGAACAGTGTTCAC,OPC_Cspg5
TTGGTTTAGGATGTTA,OPC_Cspg5
TTTGACTAGACATCAA,Fibro_Eya2_Aox3
TTAGGGTTCTTGGTCC,Fibro_Eya2_Aox3
GTCACGGAGAAGAACG,CholInh_Ecel1_Ghrh_2
ACCCTCAGTCCGGATC,OPC_Cspg5
GGATCTAAGATTGTGA,Inh_Lhx1_Erfl_1
TTACGCCCAGCTGTTA,Oligo_Opalin_Synpr
ACATCGACAGGGTTGA,Inh_Six3_Tpbg
GATTTCTTCGAGAATA,OPC_Cspg5
ACCCTTGAGGAGAGGC,Oligo_Opalin_Synpr
TCCACCATCATCTACT,OPC_Cspg5
CAACAACGTATGCTAC,Oligo_Opalin_Synpr
TGCGACGGTTTACGAC,Ex_Sim1_Trh_10
ATCGCCTTCTGCTCTG,Ex_Lmx1a_Kcp_1
ATAGAGAGTGCATTAC,OPC_Cspg5
GAGTCTATCCTCGCAT,OPC_Cspg5
TACATTCGTGCAAGAC,OPC_Cspg5
GGGACTCTCTTAGCCC,Oligo_Opalin_Synpr
TCATGGACAAGAGTAT,OPC_Cspg5
GGAAGTGGTGGTCCCA,CholInh_Ecel1_Ghrh_2
CTCAAGATCCTCATAT,OPC_Cspg5
GGGTGAATCAGCTTGA,Oligo_Opalin_Synpr
ATGTCCCTCCTGATAG,Ex_Lmx1a_Kcp_2
CGAAGTTGTCTCACAA,OPC_Cspg5
GTCCACTTCGGCTGAC,Oligo_Opalin_Synpr
GATCACAGTTGCAACT,Fibro_Eya2_Srpx2
AAGACTCGTACGGGAT,OPC_Cspg5
TCCCACATCGCGGACT,OPC_Cspg5
GGTCACGGTCCGGATC,OPC_Cspg5
TAGACTGCAGGCAATG,OPC_Cspg5
TTGTTGTGTCCCTCAT,OPC_Cspg5
ATATCCTCAAATGATG,OPC_Cspg5
CGTAAGTTCTATGCCC,CholInh_Ecel1_Ghrh_2
TCATGCCTCGCAATGT,Oligo_Opalin_Synpr
GAGTTGTAGTCCCGAC,Inh_Six6_Th
GAGTTTGAGATTACCC,Ex_Lmx1a_Kcp_3
TTCTTCCAGTAAACAC,OPC_Cspg5
TACCCGTAGTTCCGGC,Ex_C1ql4_Serpina12
TCGACCTAGGGTGGGA,Oligo_Opalin_Enpp6_2
TCAGCAACAGAGCGTA,Inh_Nkx2-2_Gm16223_1
GCTACAAAGCTAATCC,OPC_Cspg5
AAAGGATCACCCTATC,Oligo_Opalin_Enpp6_2
GGGACAAGTAAGTTAG,Ex_Lmx1a_Dnaaf6b_2
GCTTCACAGAAGCTCG,Ex_Nkx2-1_Pmch_1
AGTTAGCCACCATTCC,OPC_Cspg5
AGGCTGCGTGAATTAG,CholInh_Ecel1_Ghrh_2
GAACGTTTCGACGTCG,Ex_Sim1_Spc25
ATTCACTGTGGTATGG,CholInh_Ecel1_Ghrh_2
TGTCCACGTAGGCAGT,CholInh_Ecel1_Ghrh_2
ACACGCGAGCCTGTCG,Ex_Sim1_Pla2r1
TTATTGCAGCGTGTTT,Ex_Sim1_Pla2r1
CTGTACCGTAAGAACT,Oligo_Opalin_Synpr
ACAGAAAAGTGGTGAC,OPC_Cspg5
TTTACTGAGTCCGCGT,Ex_Sim1_Otp_3
AATGCCATCACCGCTT,Oligo_Opalin_Synpr
ATAGAGAAGCACCGAA,OPC_Cspg5
AGAACCTTCGAGTGGA,Oligo_Opalin_Enpp6_2
CACTTCGAGCCAGACA,OPC_Cspg5
TGTGGCGGTGTTCCAA,Inh_Tbx3_Serpina3n_2
GATGGAGGTATGATCC,OPC_Cspg5
GAAGGGTGTTTCCAAG,Ex_Nkx2-4_Grpr_3
GGTGATTAGTATGCAA,Ex_Sim1_Pla2r1
GCAGGCTGTTCGGCCA,OPC_Cspg5
CGATGGCTCACTGGTA,CholInh_Ecel1_Ghrh_2
ACTATTCGTGGCTACC,Ex_Sim1_Trh_11
GAAGTAATCGTGGGTC,OPC_Cspg5
TGATTCTGTAGACAGC,Inh_Tbx3_Scn11a
ACTTTCACACGGAAGT,Ex_Sim1_Foxb1
AGATAGAGTCTTGTCC,OPC_Cspg5
GAGAAATCATCCGGCA,OPC_Cspg5
TCTCAGCAGCCAAGTG,OPC_Cspg5
GAACTGTTCCGTGGCA,Oligo_Opalin_Enpp6_2
TTGGGCGAGAATTTGG,Ex_Nkx2-4_Grpr_2
CATGGTATCTCCTGTG,OPC_Cspg5
GACTCAATCCATTCGC,OPC_Cspg5
TTGTGTTGTGATACCT,CholInh_Ecel1_Ghrh_2
CCTAACCGTAACCCTA,Oligo_Opalin_Enpp6_1
TGTGAGTCACGCTGCA,OPC_Cspg5
TGGTTAGCAGCTATTG,OPC_Cspg5
TCAATTCTCGTCCATC,Oligo_Opalin_Enpp6_2
ATGCATGCAAAGACGC,OPC_Cspg5
TTTATGCCAGTTGAAA,OPC_Cspg5
TACATTCTCTATCGTT,OPC_Cspg5
CTTGATTCACCAGCGT,OPC_Cspg5
TGCTCGTAGTATCTGC,Oligo_Opalin_Enpp6_1
ATCATTCCAGCTGAAG,OPC_Cspg5
CTTCGGTCACCAAATC,OPC_Cspg5
GGGACAACATCATCTT,OPC_Cspg5
CTTCTCTCACATTGTG,Oligo_Opalin_Enpp6_2
CTCCTCCGTCTAGTGT,OPC_Cspg5
AGGCTGCAGGGCCTCT,Fibro_Eya2_Aox3
AACCACATCTCCACTG,OPC_Cspg5
GGAACCCCAATCACGT,OPC_Cspg5
CATGCGGTCCTTACCG,OPC_Cspg5
TGACAGTAGCAGGTCA,OPC_Cspg5
AACAAAGCACGTCGGT,Ex_Sim1_Foxb1
AACGAAAAGGTCATCT,Inh_Tbx3_Serpina3n_1
ACATCCCTCAGACATC,Fibro_Eya2_Dapl1
GTTGAACGTCCTGAAT,Ex_Lmx1a_Kcp_1
CATCGTCGTCAACCAT,CholInh_Ecel1_Ghrh_2
GGGTAGACAATGCTCA,OPC_Cspg5
GTGTCCTGTCTGCAAT,OPC_Cspg5
TACGGTAAGGTTGAGC,Ex_Lmx1a_Wnt11
TCATATCCAAACCATC,OPC_Cspg5
TGCTTGCAGGCCACTC,OPC_Cspg5
CCTTTGGTCAGACCGC,Ex_Sim1_Otp_2
GTGTTAGGTGGGTTGA,Inh_Six3_Pvalb_Itga6
ACCTGAAGTGTTCCAA,OPC_Cspg5
GTCGTTCAGCGCATCC,Ex_Sim1_Foxb1
GTTGTCCCACTACCGG,OPC_Cspg5
GTCTCACCAATATCCG,OPC_Cspg5
CTCCTCCTCTTGAGCA,OPC_Cspg5
AAAGGTACAACCGGAA,Fibro_Eya2_Aox3
TGTGAGTCATCCTAAG,Oligo_Opalin_Synpr
GGCTTGGAGCGGGTTA,Ex_Sim1_Foxb1
TACATTCGTCAACATC,Ex_Sim1_Pla2r1
CGAGGAAAGGATACAT,Ex_Sim1_Foxb1
CTGGACGAGTTGCCCG,Ex_Sim1_Nkx2-2_Asb4_4
GTGGCGTAGCTTTCCC,Oligo_Opalin_Enpp6_1
ATGAGTCCATTGTGCA,OPC_Cspg5
TTGGGTATCACCACAA,Oligo_Opalin_Synpr
AGAAGCGAGAGCAGTC,Inh_Tbx3_Scn11a
ACGTCCTGTACAAGCG,Ex_Skor1_Ucn3
TCGGATAGTGCCTACG,OPC_Cspg5
CTCAACCCACCTCGTT,Oligo_Opalin_Synpr
CTTCGGTTCCCTTTGG,CholInh_Ecel1_Ghrh_2
AGGACTTGTATGCTAC,Astro_Agt_Sntg1
CATGCGGGTCACTACA,Oligo_Opalin_Synpr
TGACCCTGTTCTCCCA,OPC_Cspg5
GTCTACCGTACGCTAT,CholInh_Ecel1_Ghrh_2
ATATCCTCAGTAGTGG,Oligo_Opalin_Synpr
GTGACGCAGGGTACGT,OPC_Cspg5
TCATGTTGTGAGTCAG,Ex_Lmx1a_H2-Q10_1
TGCTCGTGTAACAAGT,Ex_C1ql4_Serpina12
TAAGTCGCATACGCAT,OPC_Cspg5
TAGACTGAGATTGAGT,OPC_Cspg5
TGTCCTGTCAGCCTCT,Ex_Sim1_Otp_1
ACATGCATCCAGGACC,OPC_Cspg5
GTGTGGCTCGGATTAC,OPC_Cspg5
TAGCACATCGTTGTGA,Ex_Nkx2-1_Pmch_2
AACGGGAGTTAGAGAT,OPC_Cspg5
TAGAGTCAGTAGGGTC,Ex_Skor1_Slc17a8_1
CGTTGGGGTACACGCC,OPC_Cspg5
GATTTCTAGACGGTCA,OPC_Cspg5
TCCAGAAGTCTCCCTA,Oligo_Opalin_Synpr
TCAGTCCTCATGGTAC,OPC_Cspg5
ATCGTAGAGCAGGCAT,OPC_Cspg5
AACCAACCATATCTGG,Oligo_Opalin_Synpr
TCGTGGGCACATGGTT,Inh_Lhx1_Dlk1_4
CAATACGTCCAATCCC,Ex_Skor1_Slc5a7_1
TTACGTTCATCTAACG,Fibro_Eya2_Aox3
CTTTCAAGTTGATCGT,Ex_Nkx2-4_Svep1_2
AGAGAGCTCTTCGTGC,Inh_Six6_Th
TCATACTGTTATAGAG,OPC_Cspg5
ATTTACCAGGAGGTTC,Ex_Sim1_Pla2r1
GAGCCTGCAACCAATC,OPC_Cspg5
TAGACTGCAGCTACCG,Fibro_Eya2_Syt9_1
TGACTCCCAACCGTGC,Oligo_Opalin_Synpr
TGTGATGTCAAGCCAT,OPC_Cspg5
TCCCAGTGTCGTCATA,Inh_Tbx3_Serpina3n_1
ATTTACCAGAAATCCA,Ex_Sim1_Foxb1
CAGCAGCGTCCCAAAT,Ex_Lmx1a_Lepr
AGGTCTAGTTCTGAGT,OPC_Cspg5
GGCAGTCAGGGTATAT,Inh_Lhx1_Dlk1_4
GCAGTTATCTCCCTAG,OPC_Cspg5
TAATCTCTCTCGTGGG,Inh_Tbx3_Serpina3n_1
GACTATGTCTCAATCT,OPC_Cspg5
AAGGAATAGTGCTCGC,OPC_Cspg5
CATCCGTTCGTTTACT,OPC_Cspg5
TGTGCGGCAACATCGT,OPC_Cspg5
ACGGGTCCAGAGGAAA,OPC_Cspg5
GTTACAGCATGGAAGC,Oligo_Klk6_1
TACTTACCACAAGCCC,OPC_Cspg5
TGAGCGCTCCGCAAAT,Ex_Lmx1a_Kcp_1
GTCGTTCCAACTTGCA,Oligo_Opalin_Synpr
ACACCAAAGGTGCGAT,CholInh_Ecel1_Ghrh_2
ATGGATCAGCCGATCC,Inh_Six6_Th
ATACTTCTCCGTGACG,OPC_Cspg5
AGGTTGTAGGAAGAAC,OPC_Cspg5
CTACCTGCAAGTTCCA,Fibro_Eya2_Syt9_1
TATATCCCAATACCCA,Fibro_Eya2_Aox3
GTCAAACAGCCTCCAG,OPC_Cspg5
CGCAGGTCAGCGATTT,OPC_Cspg5
CTGGCAGGTTCTTCAT,OPC_Cspg5
AAGACTCAGAAACTGT,OPC_Cspg5
CAGCCAGAGCAAATCA,OPC_Cspg5
TCTGTCGCAATTGCTG,Pit_Six1_Tshb
CACAGATCAATGGCCC,Inh_Tbx3_Serpina3n_2
GAAGTAAAGCGTTGTT,OPC_Cspg5
TGTTCTACAATGAAAC,Oligo_Opalin_Synpr
TGCAGATCACTTCCTG,OPC_Cspg5
CGCAGGTCAGCTACAT,OPC_Cspg5
CTCAGAATCTTAGCCC,OPC_Cspg5
AGTTCCCAGATTTGCC,Oligo_Opalin_Synpr
ATCGTCCTCCTGATAG,OPC_Cspg5
CCGGTGAAGAGAACCC,Inh_Tbx3_Atf7ip2
GCATCTCGTTCGAACT,OPC_Cspg5
ATGATCGTCGAGGCAA,OPC_Cspg5
AACAGGGTCGGTGAAG,OPC_Cspg5
TTACAGGGTAGACACG,Inh_Six6_Th
AATGGAAGTCACCACG,OPC_Cspg5
TAGGTACCAATGCTCA,OPC_Cspg5
GCTTTCGCATATAGCC,OPC_Cspg5
GTGTAACTCTGCTAGA,OPC_Cspg5
GCTTCACTCGATGCTA,OPC_Cspg5
TCAGTGAGTGAGACCA,OPC_Cspg5
CCGATGGGTCACTAGT,OPC_Cspg5
AGCGTATTCAGCTTCC,OPC_Cspg5
CAACCTCGTCCAGAAG,OPC_Cspg5
ATGTCTTAGAACCCGA,Fibro_Eya2_Slc47a1_1
CCGTGAGCATAGGCGA,OPC_Cspg5
ATGCATGCAATGACCT,Oligo_Opalin_Enpp6_1
TGGATCAAGTTCATCG,Oligo_Opalin_Synpr
TGAGACTCAATTAGGA,CholInh_Ecel1_Ghrh_2
TTAGGCACATAGAAAC,OPC_Cspg5
GTAATGCAGTACGTCT,OPC_Cspg5
AGGTCATTCATTATCC,OPC_Cspg5
GGCGTCACATAGATCC,OPC_Cspg5
AGCGATTAGCCGGATA,OPC_Cspg5
CTACATTAGAGAGGTA,Ex_Nkx2-4_Calcr_3
GCCATGGTCATAGAGA,OPC_Cspg5
TACCTCGAGAGCAGCT,Inh_Six6_Th
GTGTTAGCACAATGAA,OPC_Cspg5
ACGTCCTGTGTCACAT,Oligo_Opalin_Synpr
CAACAGTAGTATGAAC,OPC_Cspg5
CCACCATCACAACCGC,Oligo_Opalin_Enpp6_1
TGGATCAGTCTGATCA,Ex_Nkx2-4_Grpr_5
TCTTAGTCAAGCAGGT,OPC_Cspg5
ACACTGAAGGGAGGCA,Ex_Sim1_Foxb1
AGCGCCAGTTACCTTT,OPC_Cspg5
TGACAGTTCAGCGTCG,Inh_Lhx1_Mdfic2
ACCTACCAGATTGAGT,OPC_Cspg5
CTGAATGAGAGGTCAC,OPC_Cspg5
AACGTCATCGCTACGG,Oligo_Opalin_Synpr
AGGGTTTCATGTGCTA,OPC_Cspg5
CAGAGCCCACAGCTTA,OPC_Cspg5
TGTTCCGAGCACCAGA,OPC_Cspg5
AATGCCAGTGCTCTTC,OPC_Cspg5
TATCAGGTCGTTCAGA,OPC_Cspg5
TCAGTTTTCTCCGCAT,Oligo_Opalin_Synpr
CCACTTGAGCTGTACT,Oligo_Opalin_Synpr
CCACAAAAGGTTTACC,CholInh_Ecel1_Ghrh_2
CATACAGTCCGTTTCG,OPC_Cspg5
AGAGAATAGCACTAAA,OPC_Cspg5
CTCATGCGTAACTTCG,Oligo_Opalin_Synpr
ACACTGATCCACAGGC,Oligo_Opalin_Enpp6_1
ATCACGACATCCGAGC,Oligo_Opalin_Synpr
CCTAACCCAGCGGATA,Oligo_Opalin_Enpp6_1
GCCGATGGTTAGGACG,Inh_Tbx3_Serpina3n_1
CATCCACTCTCATAGG,OPC_Cspg5
GGTGAAGAGAAGTCCG,Inh_Tbx3_Scn11a
AAGATAGGTCAATCTG,Ex_Sim1_Foxb1
CTAGACAGTACGAGCA,OPC_Cspg5
TAGATCGCATCATGAC,Oligo_Opalin_Enpp6_1
TTAATCCGTTCCAAAC,OPC_Cspg5
TATCGCCTCAAGAAAC,Fibro_Eya2_Syt9_2
GTTGAACGTCAAAGTA,OPC_Cspg5
GAGAGGTCATGAATCC,OPC_Cspg5
GTCGCGACAACACAGG,OPC_Cspg5
GTTGTAGCACCGTACG,OPC_Cspg5
TTTGACTGTGACTCGC,Oligo_Opalin_Enpp6_1
CTGCTCAAGAGCAGCT,OPC_Cspg5
GCATGATAGTAGAGTT,OPC_Cspg5
CGAGAAGTCAGAATAG,Fibro_Eya2_Aox3
TCCTCGAGTCATGCAT,OPC_Cspg5
CTACCTGTCTTTGCGC,OPC_Cspg5
ACGCACGGTCAGATTC,Oligo_Opalin_Synpr
ACTTCCGCACATGACT,OPC_Cspg5
CCTTCAGGTGGATCGA,Ex_Neurod6_Creb3l1
ATTCTACAGCGAGTAC,OPC_Cspg5
CGAGTTAAGGAGAGTA,OPC_Cspg5
TCTATACCAGCCGTCA,Oligo_Opalin_Synpr
TTTCCTCCAGCTACCG,Fibro_Eya2_Rspo2
CTTCGGTCACCATAAC,Fibro_Eya2_Slc47a1_1
AGTCACACATCGGAGA,OPC_Cspg5
TCACGGGGTGTCCATA,OPC_Cspg5
TTTACGTCATCAACCA,Oligo_Klk6_1
CTATAGGAGTTGCTCA,OPC_Cspg5
CTCTCGACAGTCAGTT,OPC_Cspg5
GTGAGTTAGATGCAGC,OPC_Cspg5
CGAGTTATCAGTGCGC,Oligo_Opalin_Enpp6_1
GACCAATCACTACCCT,Oligo_Opalin_Enpp6_1
AAGGAATGTGTTCCTC,OPC_Cspg5
GTCTAGATCTACTGAG,Oligo_Opalin_Synpr
TTTCCTCTCGAACCAT,OPC_Cspg5
TAACGACGTCTGTGGC,OPC_Cspg5
CGCCATTGTTTCCATT,Oligo_Opalin_Synpr
TCTCCGATCCCGAACG,Oligo_Opalin_Synpr
GACCCAGGTTCCTAAG,Fibro_Eya2_Slc47a1_1
GGGTCTGCATTGCTGA,Oligo_Opalin_Enpp6_1
ATTATCCGTCCTACAA,Fibro_Eya2_Dapl1
TAAGCGTAGAGTGACC,OPC_Cspg5
TGGGATTGTTTGAAAG,Fibro_Eya2_Syt9_2
ACGGAAGCATTGAGCT,OPC_Cspg5
CAGCGTGGTCCTACAA,OPC_Cspg5
GGAATCTCATCCTCAC,Oligo_Opalin_Synpr
GACGCTGCAGACTCTA,Oligo_Opalin_Synpr
TCACGGGAGGAACGCT,Oligo_Opalin_Enpp6_1
AACAACCAGGGTCTTT,OPC_Cspg5
TAATTCCCATGAAGGC,OPC_Cspg5
TCAGCAATCAGATGCT,OPC_Cspg5
TCATCCGGTGCGTGCT,Ex_Skor1_Slc5a7_1
GTGAGCCCAAAGGCGT,Inh_Six6_Th
CTGGCAGCAAGGTTGG,Ex_Sim1_Foxb1
AACAAAGGTGTGAATA,OPC_Cspg5
CTGTACCGTAGTGGCA,OPC_Cspg5
AATGCCACAGCGACAA,Oligo_Opalin_Enpp6_1
CATGAGTAGGCCTGCT,OPC_Cspg5
TTTGATCAGCACTCGC,OPC_Cspg5
GTTCATTCAAGTGCTT,OPC_Cspg5
TGACTCCTCCGTTGGG,Fibro_Eya2_Dapl1
GATCATGCATTGAAAG,Ex_C1ql4_Dkk2
CGTAGTAAGTATAGGT,OPC_Cspg5
ATACCTTAGGATATAC,Ex_Skor1_Slc5a7_1
AGGACGAAGACGGTCA,OPC_Cspg5
GGGTGTCAGGGAGATA,OPC_Cspg5
CTCCTCCTCCGCATAA,Ex_Sim1_Foxb1
CAGCCAGGTTCAACGT,OPC_Cspg5
CTCATGCCAGGACAGT,OPC_Cspg5
CTGCCTAGTCTTTATC,Oligo_Opalin_Synpr
GTCTAGACACCTGCTT,Oligo_Opalin_Enpp6_1
AGGTAGGAGAAGCGAA,OPC_Cspg5
TAGTGCACACATAACC,Oligo_Opalin_Enpp6_1
TCCTTTCAGACTCTAC,Oligo_Opalin_Enpp6_1
AGGTGTTGTGCGAACA,OPC_Cspg5
TTGGGATTCATTGTTC,OPC_Cspg5
GTGCAGCCAGACCATT,OPC_Cspg5
CGTAATGTCACGATAC,Oligo_Opalin_Enpp6_2
ATACCGATCTAAGGAA,Inh_Six6_Th
TACCGGGAGGTCACAG,Inh_Six6_Th
CTCCACAGTCCTCCTA,Micro_Selplg_Siglech
ACTCCCATCCGTGGGT,OPC_Cspg5
TCATATCCACCTGAAT,OPC_Cspg5
CGCCAGAAGTTGGACG,OPC_Cspg5
GGGTAGAAGTCACTCA,Inh_Six6_Th
CATGCAAAGGAAAGGT,OPC_Cspg5
CTAACTTCAAATAGCA,OPC_Cspg5
TCAAGACTCTACTTCA,OPC_Cspg5
TCGAACATCAAGTTGC,Oligo_Opalin_Synpr
GTGTGATGTGCCTGCA,OPC_Cspg5
ACTATTCAGCATTGAA,Fibro_Eya2_Aox3
CAGGCCATCTTACCAT,Oligo_Opalin_Synpr
CTTCCGATCTATACTC,Fibro_Eya2_Aox3
AATTCCTCAGAGAAAG,OPC_Cspg5
CCTCACAGTCACTTCC,OPC_Cspg5
CATTGAGGTATGTCAC,OPC_Cspg5
AGACCCGAGCACTAAA,Oligo_Opalin_Enpp6_1
CACTGTCCATCCGAGC,OPC_Cspg5
TCGCTTGTCCTCAGGG,OPC_Cspg5
GGGAGTATCTCCAAGA,Fibro_Eya2_Slc47a1_1
AGCTTCCTCGTAATGC,CholInh_Ecel1_Ghrh_2
CTTTCGGCACCGTCGA,Oligo_Opalin_Synpr
CCGATGGGTTGGAGGT,OPC_Cspg5
TGACTCCGTTTCAGAC,OPC_Cspg5
CATCCCATCACTACGA,Oligo_Opalin_Synpr
ATGGTTGGTTGTTGCA,OPC_Cspg5
GCGGATCGTGTGCCTG,OPC_Cspg5
CGGCAGTAGGTTTGAA,CholInh_Ecel1_Ghrh_2
TCATGTTGTCACTCTC,Fibro_Eya2_Slc47a1_1
CGCGTGAGTATAATGG,Oligo_Opalin_Enpp6_2
GGATGTTAGAGTCAGC,OPC_Cspg5
GCACATATCTCCTACG,OPC_Cspg5
CGGAATTTCCATTGTT,OPC_Cspg5
TAAGCACAGCGACTGA,OPC_Cspg5
CTATCTAGTTCGGACC,OPC_Cspg5
CTCCAACAGCCTAGGA,Oligo_Opalin_Enpp6_1
ACACAGTTCTCGACCT,Oligo_Opalin_Synpr
CGCCAGAGTCAAGCGA,OPC_Cspg5
ATTACTCGTTGCAACT,OPC_Cspg5
GTAACACTCCAACCGG,Oligo_Opalin_Enpp6_1
TACCGGGGTATCAGCT,Oligo_Opalin_Synpr
TTCTTGAGTCGTTATG,OPC_Cspg5
TGGTAGTTCGGACAAG,OPC_Cspg5
ATCGTAGAGGCCGCTT,Oligo_Opalin_Enpp6_2
TCAATCTAGGCAGGGA,Oligo_Opalin_Synpr
TCCACCAGTCGACTGC,Micro_Selplg_Siglech
TTGACCCTCAGGAAGC,Oligo_Opalin_Synpr
ACCGTTCTCACAATGC,Oligo_Opalin_Synpr
GAGATGGTCCACCTCA,Oligo_Opalin_Synpr
ACCATTTCAGTGCGCT,Ex_Sim1_Pla2r1
GACGTTAGTTCTTGTT,Oligo_Opalin_Synpr
AAGACAAGTGGACTAG,Oligo_Opalin_Synpr
CAAGGGAGTATCCCAA,OPC_Cspg5
AGACAAACAAGCAGGT,Oligo_Opalin_Synpr
CAGATTGAGGGCTAAC,Oligo_Opalin_Synpr
GTGGCGTTCCCTCTAG,Oligo_Opalin_Synpr
CTGTGAAGTCTCAAGT,Fibro_Eya2_Aox3
TTCCAATTCCGAGGCT,Oligo_Opalin_Enpp6_1
AGAACAAAGGCAGCTA,OPC_Cspg5
GTCATGATCCCAGTGG,Oligo_Opalin_Synpr
ATCGTAGTCCGAGAAG,OPC_Cspg5
GGGTTATGTAGATTGA,OPC_Cspg5
TTTAGTCAGTGCAGGT,Ex_Sim1_Foxb1
TTAATCCCATCAGCAT,Oligo_Opalin_Synpr
CTTCGGTTCCACACAA,Oligo_Opalin_Synpr
TCACACCAGGAGCTGT,OPC_Cspg5
GCACGGTTCCTCCACA,Fibro_Eya2_Slc47a1_1
GGTAACTTCCGTGTGG,Oligo_Opalin_Enpp6_1
TGATTTCCAACGATTC,Oligo_Opalin_Synpr
TAAGCCAAGTATTGCC,OPC_Cspg5
AACGGGAAGCCATCCG,Oligo_Opalin_Enpp6_2
ATGAAAGTCATGGATC,OPC_Cspg5
TGTTACTTCTTTGATC,Oligo_Opalin_Enpp6_1
TGTAAGCAGCGGTATG,OPC_Cspg5
TAGACCACAGAGGTAC,Oligo_Opalin_Synpr
TCTAACTCACGAGGTA,Oligo_Opalin_Enpp6_1
CTCGAGGGTTAAACAG,Oligo_Opalin_Synpr
GACACGCAGCCGTTAT,Oligo_Opalin_Enpp6_1
TTCCTCTTCCGAAATC,Fibro_Eya2_Syt9_1
GGGTGAATCCGAAATC,OPC_Cspg5
TCACATTAGCATCAAA,Oligo_Opalin_Synpr
ACTTAGGCAGCTTCGG,OPC_Cspg5
CTCTCGAAGCATGAAT,Oligo_Opalin_Synpr
CCTTTGGGTACGGGAT,OPC_Cspg5
TACCGAATCATCCTGC,Oligo_Opalin_Synpr
GACTATGTCAGACAAA,Oligo_Opalin_Synpr
CGTAATGCACCATAAC,Oligo_Opalin_Enpp6_1
CGAAGTTTCCACTGAA,Fibro_Eya2_Syt9_1
TGGAGAGGTTATAGCC,Oligo_Opalin_Synpr
GAGCTGCTCGTTGTAG,OPC_Cspg5
CATAGACCAGCACAGA,Oligo_Opalin_Enpp6_1
TGTAGACGTCTCGACG,Oligo_Opalin_Enpp6_1
CATCGTCCATCCTATT,Oligo_Opalin_Enpp6_1
TTTACTGAGACTCAAA,Oligo_Opalin_Enpp6_1
GAAGGGTCAGTGTATC,Oligo_Opalin_Synpr
CCACAAATCCCTCTTT,Oligo_Opalin_Synpr
TCACACCCACCCATAA,Oligo_Opalin_Synpr
TCCCATGAGAACCCGA,Oligo_Opalin_Synpr
GTAGGTTGTCAACCTA,OPC_Cspg5
GTAACCATCACCTTAT,Oligo_Opalin_Synpr
GCTTCACGTTTACCAG,Oligo_Opalin_Synpr
CTACATTGTCCGGTGT,Oligo_Opalin_Synpr
CTAGACAGTGAAGCTG,OPC_Cspg5
AGGGTGATCTTCTAAC,Ex_Lmx1a_Ngfr
GAAGCGAGTAGTACGG,OPC_Cspg5
GGTTCTCGTTTACTTC,Oligo_Opalin_Enpp6_1
CGAGAAGTCGCCATAA,OPC_Cspg5
CAGGTATGTTAAAGTG,Oligo_Opalin_Synpr
ACGGGTCCATTAAAGG,OPC_Cspg5
AACACACCAAATGAAC,Oligo_Opalin_Enpp6_1
TAGAGTCCAGCGATTT,Fibro_Eya2_Aox3
GACAGCCGTCGCCTAG,OPC_Cspg5
CAATACGCACCTGAAT,Oligo_Opalin_Enpp6_1
AGAAGCGAGGTTGTTC,OPC_Cspg5
ATCGGATGTGAATGAT,Fibro_Eya2_Syt9_1
CAACGATAGGAGTCTG,Fibro_Eya2_Syt9_2
GGACGTCTCTAGCCAA,Oligo_Klk6_1
GCAGCCATCTCTCAAT,Oligo_Opalin_Enpp6_1
TACTTCACAGCAGTGA,OPC_Cspg5
CACGTTCCATGACCCG,Oligo_Opalin_Enpp6_1
GGGATCCTCGCGTGCA,Fibro_Eya2_Aox3
AGCCAATCAAGCAGGT,OPC_Cspg5
CTATCCGCAGAGATGC,Oligo_Opalin_Enpp6_1
GTAGATCCATCAGTCA,Oligo_Opalin_Synpr
GACAGCCAGCATATGA,Ex_Nkx2-1_Pmch_1
TTCTTGAAGGAATGTT,OPC_Cspg5
GTCGCGATCTCGCTTG,OPC_Cspg5
CACGAATTCGGCATTA,OPC_Cspg5
GTGGAGACAGTAGTGG,OPC_Cspg5
GTGATGTGTAGTCGTT,Oligo_Opalin_Synpr
CGCATAATCGGTTAGT,OPC_Cspg5
CCTCAACGTGATGTAA,Oligo_Opalin_Synpr
TAATCTCTCGCACTCT,Oligo_Opalin_Enpp6_1
GTGCACGCACGGCGTT,Oligo_Opalin_Enpp6_1
TATACCTCAGTATTCG,Fibro_Eya2_Dapl1
GCGAGAATCGCAATGT,Oligo_Opalin_Enpp6_2
ACGATGTAGCTCGTGC,OPC_Cspg5
AAAGGGCAGTAAAGCT,OPC_Cspg5
CCTTCAGGTTGCCGAC,Oligo_Opalin_Synpr
CCCATTGTCGAAGCCC,OPC_Cspg5
CTGCTCAGTAAGGTCG,OPC_Cspg5
GGGTCTGCACGAAAGC,Oligo_Opalin_Enpp6_1
GGTTGTACACTCCGGA,OPC_Cspg5
TTGTTCAGTACTCGCG,OPC_Cspg5
TGAATGCGTCTTCCGT,OPC_Cspg5
TACCTGCAGGGTCTTT,Fibro_Eya2_Aox3
AACGAAATCGAGATAA,Pit_Six1_Tshb
AGACAAACAGCTCATA,Fibro_Eya2_Syt9_1
TAAGTCGAGCTGAAAT,OPC_Cspg5
TAACTTCGTTACACAC,Oligo_Opalin_Enpp6_1
GTGTAACCAACCCGCA,OPC_Cspg5
TCTTTGACATCAACCA,Oligo_Opalin_Synpr
GATTCTTAGCTGCCTG,OPC_Cspg5
CTAACTTGTTGACTAC,Oligo_Opalin_Enpp6_1
TTCTAACGTTGTACGT,Oligo_Opalin_Synpr
TGCGGCAAGTGTCATC,Oligo_Opalin_Enpp6_1
TATTCCACAATCGTCA,OPC_Cspg5
TGCGACGCAACGTTAC,Oligo_Opalin_Enpp6_1
ATTCTACGTTACAGCT,Fibro_Eya2_Aox3
ATTTACCCAGAACCGA,Oligo_Opalin_Enpp6_1
ACGATCAAGGATATGT,Inh_Tbx3_Serpina3n_1
GGGCTCAAGCAGATAT,OPC_Cspg5
GGTGTCGCAAATGGAT,Oligo_Opalin_Enpp6_1
GTTGCGGAGTGGTTCT,OPC_Cspg5
ATACCGAGTTAAGTCC,OPC_Cspg5
TGAGCGCCAATTCACG,OPC_Cspg5
TTGAGTGAGCCAAGTG,Oligo_Opalin_Synpr
CTGAGGCGTGGATTTC,Oligo_Opalin_Synpr
CTAGACATCAATCCAG,Oligo_Opalin_Synpr
ACCGTTCTCATTATCC,OPC_Cspg5
AGTCACAGTGACGTCC,Oligo_Opalin_Enpp6_1
GGTGTTAAGCTGAAAT,Oligo_Opalin_Synpr
CACAGATAGGACAACC,Fibro_Eya2_Syt9_1
ATTCTTGTCTTGGGCG,Astro_Agt_Sntg1
GATTCGAAGCGGATCA,OPC_Cspg5
ACTTCGCCAATTCTTC,Oligo_Opalin_Enpp6_1
CTGGCAGAGGGAGGTG,Oligo_Opalin_Synpr
TGTTGAGAGGTACATA,OPC_Cspg5
ATCCATTCAGCGTGAA,Oligo_Opalin_Enpp6_1
TAACCAGCAAGGCCTC,Fibro_Eya2_Srpx2
GGCTTTCTCACGGACC,OPC_Cspg5
TCCTTCTAGATACAGT,OPC_Cspg5
TCCTAATTCTCGTGGG,OPC_Cspg5
CGAGTTATCTCATTAC,OPC_Cspg5
TCAGCCTTCCAGTGCG,Oligo_Opalin_Synpr
AATGCCATCACCTTAT,Fibro_Eya2_Srpx2
TGGGCTGAGAGTGAAG,Ex_C1ql4_Dkk2
ATGGGAGAGCCTGAAG,Fibro_Eya2_Syt9_1
CACGAATGTGACCTGC,Oligo_Opalin_Enpp6_1
GTAACCACACACAGCC,Oligo_Opalin_Synpr
TTCGATTGTAGGTAGC,Oligo_Opalin_Enpp6_2
TCATACTCAGCACAGA,Oligo_Opalin_Enpp6_1
ACTTATCCATCAACCA,Oligo_Opalin_Synpr
TGTGAGTCAAGGATGC,Oligo_Opalin_Synpr
CATGCGGTCATTCGGA,Oligo_Opalin_Synpr
TAATTCCTCGTCAAAC,Oligo_Opalin_Enpp6_1
TATCGCCCAAACGGCA,OPC_Cspg5
TGTTTGTTCTCCCTAG,OPC_Cspg5
ACTGCAATCATTCGGA,Oligo_Klk6_1
CGGAACCCATGGTGGA,Fibro_Eya2_Slc47a1_1
GCCAGTGCACCATAAC,Oligo_Opalin_Synpr
GACCCTTCATCTCCCA,Oligo_Opalin_Synpr
GTGAGCCAGGACTATA,Oligo_Opalin_Enpp6_1
ACTTTCAAGTGCTACT,Oligo_Opalin_Synpr
GTTCGCTCATTGCAAC,Micro_Selplg_Siglech
GGGCCATGTCGACTTA,Oligo_Opalin_Synpr
GGTGATTAGTAAAGCT,Oligo_Opalin_Synpr
CAGATTGAGGGTATAT,OPC_Cspg5
GAGAGGTCAATCCTTT,Oligo_Opalin_Enpp6_1
GTCATGATCAAATGCC,OPC_Cspg5
CCAATGAGTATGAAAC,Oligo_Opalin_Synpr
GTTGAACGTAGGATAT,OPC_Cspg5
GTGAGCCTCGGTTAGT,Fibro_Eya2_Aox3
GGGTCTGAGGTAATCA,Oligo_Opalin_Synpr
TACGGGCTCCACAGGC,Oligo_Opalin_Synpr
GTGAGCCTCGGATACT,Oligo_Opalin_Enpp6_1
CATTCATCAGCTACCG,OPC_Cspg5
TAGAGTCGTAGTATAG,OPC_Cspg5
TCCATCGGTCCATACA,Oligo_Opalin_Synpr
GCCGATGGTATGCTAC,Oligo_Opalin_Enpp6_1
AACCAACGTCGCATGC,Micro_Selplg_Siglech
TCGCTCACAATGAGCG,Fibro_Eya2_Aox3
AGGAGGTGTTCAGCTA,OPC_Cspg5
CGGAGAATCTACCTTA,OPC_Cspg5
ACATCGATCGCTACGG,Oligo_Opalin_Synpr
TAGCACATCAGTGTTG,Oligo_Opalin_Enpp6_1
ATCCCTGAGGTGATAT,Fibro_Eya2_Syt9_1
GTAGCTACACAGCTGC,Oligo_Opalin_Synpr
GTGAGGAGTTCGATTG,Oligo_Opalin_Synpr
ACGGTTATCGGAGATG,OPC_Cspg5
CTGTCGTAGTCAGAGC,Oligo_Opalin_Enpp6_1
TGACTCCTCGATCCCT,Oligo_Opalin_Synpr
CAACCTCGTACCGCGT,OPC_Cspg5
TCATATCCAGGACGAT,Oligo_Opalin_Synpr
CTGTATTCATGGGCAA,Oligo_Opalin_Synpr
GACATCAGTCGAATTC,OPC_Cspg5
CTGTGGGCACTGGATT,OPC_Cspg5
AAGACTCGTGTACATC,Oligo_Opalin_Enpp6_2
CACGTTCTCAACCTCC,Oligo_Opalin_Enpp6_1
TGGATGTAGCTGGTGA,Oligo_Opalin_Synpr
TTCTAACAGCACTAGG,OPC_Cspg5
AAGCGAGGTTAACAGA,Oligo_Opalin_Enpp6_1
CCAATTTTCGCAATTG,OPC_Cspg5
CACTGGGTCTGCTTTA,Oligo_Opalin_Synpr
TTCTGTACATGGGCAA,Oligo_Opalin_Synpr
AGATGAACAACTCGTA,Oligo_Opalin_Synpr
TAGACCACATCGAACT,Oligo_Opalin_Enpp6_1
CACATGACAAGATCCT,Oligo_Opalin_Synpr
TAAGCACGTCGAATGG,Oligo_Opalin_Enpp6_1
AGCCAGCCAACGGCCT,Oligo_Opalin_Synpr
TAACCAGAGAGGTGCT,OPC_Cspg5
ATTTACCCACAAGTTC,Oligo_Opalin_Synpr
TGACAGTTCTTCGATT,Micro_Selplg_Siglech
GACTCTCAGGTTCATC,Fibro_Eya2_Srpx2
TGTGCGGGTTAAACCC,Oligo_Opalin_Enpp6_1
AAAGGGCGTAGGAGGG,Fibro_Eya2_Aox3
TCCAGAATCAGCACCG,Oligo_Opalin_Synpr
GGGTAGACATGAAAGT,OPC_Cspg5
ATCCCTGCATCCGAGC,Oligo_Opalin_Enpp6_1
TACTTACCATCCTATT,Micro_Selplg_Siglech
GTGCTGGCAATTGCAC,Oligo_Opalin_Synpr
TTGTGGAGTACCTGTA,OPC_Cspg5
TTGCGTCTCGAGAACG,OPC_Cspg5
AAGTTCGAGCTTTCCC,Oligo_Opalin_Enpp6_1
TGTTCCGCAGCAGAAC,Oligo_Opalin_Synpr
GGTAACTAGTAACAGT,Oligo_Opalin_Enpp6_1
GTTGTAGCACTGGATT,Oligo_Opalin_Synpr
TACAGGTGTGTCCTAA,OPC_Cspg5
TGGTTAGCAGTATTCG,Oligo_Opalin_Synpr
GGCTGTGGTCGGCACT,OPC_Cspg5
CACCAAAAGATTAGAC,Fibro_Eya2_Aox3
ATAGGCTCAGTGTGCC,Oligo_Opalin_Enpp6_1
ATGATCGCAATTGAAG,OPC_Cspg5
CCACAAAGTGACCGTC,OPC_Cspg5
GCATCTCAGTCTACCA,Oligo_Opalin_Enpp6_1
TGCGGCAAGGTGCCAA,Oligo_Opalin_Synpr
ACACCAAGTACAAACA,OPC_Cspg5
TCCACCAAGGTAAGTT,OPC_Cspg5
ATCACTTGTGGTAACG,Oligo_Opalin_Synpr
CCCAACTGTTACACTG,Oligo_Opalin_Enpp6_1
GTAGTACCATCGGCCA,OPC_Cspg5
TCGGGACCACTTGTGA,Oligo_Opalin_Synpr
CCCTCTCCAATGAAAC,Micro_Selplg_Siglech
CATTTCATCCTCTCGA,Oligo_Opalin_Enpp6_1
ATCCACCTCTGGAGAG,Oligo_Opalin_Enpp6_1
GCAGTTAGTGCATTTG,Oligo_Opalin_Enpp6_1
TCATACTTCAGTGCGC,Oligo_Opalin_Synpr
ATGCATGGTATGTCCA,Oligo_Opalin_Enpp6_2
TACCTGCTCTATCGCC,Oligo_Opalin_Synpr
GCTGGGTTCTGTGTGA,Fibro_Eya2_Slc47a1_1
CGTCAAACACAAGCTT,Oligo_Opalin_Enpp6_1
GTAACCAGTATGGAGC,OPC_Cspg5
AACCACACAACTCCCT,Oligo_Opalin_Synpr
TCTGCCAAGTTAACGA,Oligo_Opalin_Enpp6_1
CGGAGAATCGATTCCC,Oligo_Opalin_Enpp6_1
TTACCGCGTGATCATC,OPC_Cspg5
TCCCAGTGTGAGTAGC,Oligo_Opalin_Synpr
GATTTCTCAAAGGTTA,Oligo_Opalin_Synpr
ACCCTTGCAGCGACAA,Fibro_Eya2_Srpx2
ATCACTTGTAACTGCT,OPC_Cspg5
ATGAGTCCAACAAGTA,Oligo_Opalin_Enpp6_1
CCTGTTGGTAAGCTCT,Fibro_Eya2_Aox3
AGATAGAAGCTGCCTG,Oligo_Opalin_Synpr
GGGTTTACACCAATTG,Oligo_Opalin_Synpr
TACCGAACACAACGAG,Fibro_Eya2_Slc47a1_1
GTGTGATGTAATACCC,Oligo_Opalin_Synpr
GAGAGGTCACTAAACC,Oligo_Opalin_Enpp6_1
TTGGGTAGTGAGTAGC,Oligo_Opalin_Enpp6_1
AGAGAGCTCATTACGG,Oligo_Opalin_Synpr
CCACGAGTCGCAGTTA,Oligo_Opalin_Enpp6_1
TGTTGAGCACGTAACT,OPC_Cspg5
TCTACCGCAGTTGTCA,Oligo_Opalin_Synpr
GACATCATCCCAGGAC,Oligo_Opalin_Enpp6_1
ATCACAGGTATTGCCA,CholInh_Ecel1_Ghrh_2
ACTTAGGCAGTCTACA,Ex_Nkx2-4_Calcr_8
ATCGGCGAGACCTTTG,Oligo_Opalin_Synpr
GTGCAGCAGTGCACCC,Oligo_Opalin_Synpr
CATCCACTCCTACGAA,Oligo_Opalin_Enpp6_1
CGGGACTCACTACACA,Oligo_Opalin_Enpp6_2
AGCGTCGTCCCTCTAG,Ex_Sim1_Dnah8_Oxt
TGAATGCAGCACCCAC,Oligo_Opalin_Enpp6_1
TCGGATACAAGTTCGT,OPC_Cspg5
CTCCTCCTCGGCTTGG,Oligo_Opalin_Synpr
TCACGCTAGCCACCGT,Oligo_Opalin_Enpp6_1
TGGAGAGGTCACCTTC,Fibro_Eya2_Slc47a1_1
CATAGACGTATACAGA,OPC_Cspg5
ATGGATCTCACCACAA,Oligo_Opalin_Synpr
TGCATGAAGACATCCT,Oligo_Opalin_Synpr
GAGACCCAGGGCAATC,Endo_Flt1_Rgs5_Slc19a3_1
TCCGGGAGTACGACAG,OPC_Cspg5
TGGCGTGGTGTCATGT,Oligo_Opalin_Synpr
TTTCAGTCATGACTCA,Oligo_Opalin_Synpr
TACCCGTAGGCCCGTT,Oligo_Opalin_Enpp6_1
GAGTGAGGTATCACCA,OPC_Cspg5
TCTAACTCAAATCGGG,Oligo_Opalin_Synpr
GCTGGGTCACGGTGAA,Oligo_Opalin_Enpp6_1
TCGACCTCACAATGTC,Oligo_Opalin_Synpr
AGACACTTCGTCACCT,Oligo_Opalin_Enpp6_1
TGGGTTACATGTCAGT,Oligo_Opalin_Synpr
CTTCGGTCACTACGGC,Oligo_Opalin_Enpp6_1
AGTTCCCCAAGCCCAC,Oligo_Opalin_Synpr
TCTTGCGCAACACAAA,Micro_Selplg_Siglech
TAAGCCATCTCCACTG,Oligo_Opalin_Enpp6_1
CTTACCGTCGGATTAC,Oligo_Opalin_Enpp6_1
CTGCCATAGAAGTCTA,OPC_Cspg5
AGACAAATCACCTTAT,Oligo_Opalin_Synpr
TGATTTCGTAATCAAG,Oligo_Opalin_Synpr
TTCGATTCAGAGCGTA,Fibro_Eya2_Aox3
TACGCTCAGGTGTGAC,Oligo_Opalin_Enpp6_1
TCATACTTCCCGTTGT,OPC_Cspg5
AACCTTTCACTCTGCT,Oligo_Opalin_Enpp6_1
ACGATCAAGACGCCAA,Oligo_Opalin_Synpr
ACACTGAGTTGGGTAG,Oligo_Opalin_Synpr
ATACCGATCCGATAAC,Oligo_Opalin_Synpr
GTACAGTAGCCTGAAG,Micro_Selplg_Siglech
GTCTACCGTACGCGTC,Oligo_Opalin_Synpr
ATTCCTATCTTGCAGA,OPC_Cspg5
AGGATCTGTTAGAGTA,Oligo_Opalin_Enpp6_1
CACCAAACATTCATCT,Oligo_Opalin_Enpp6_1
TATCTGTCATATGAAG,Oligo_Opalin_Synpr
AGGACTTTCTGCTCTG,Inh_Tbx3_Atf7ip2
CGTCCATCAGCAATTC,Oligo_Opalin_Synpr
AAAGGGCTCCACTGAA,Oligo_Opalin_Synpr
TTACCGCAGTAAGCAT,OPC_Cspg5
TTCCTAAGTACTAACC,Oligo_Opalin_Synpr
ATAGGCTCAAGTACCT,Fibro_Eya2_Aox3
CGTGCTTTCACGATCA,Fibro_Eya2_Aox3
CGTGAATGTATGATCC,OPC_Cspg5
CCACCATTCCAGTACA,Micro_Selplg_Siglech
CCTTCAGTCGATACGT,Oligo_Opalin_Enpp6_1
AATCACGAGGTGCCAA,Oligo_Opalin_Synpr
GGTGATTTCCATTGTT,Oligo_Opalin_Enpp6_2
TTCACCGCATGGTGGA,Oligo_Opalin_Enpp6_1
ATTTCACGTGGTATGG,Oligo_Opalin_Synpr
TGATCAGTCATTCCTA,Oligo_Opalin_Enpp6_1
GTAGGAGTCCCAAGTA,Ex_Nkx2-4_Grpr_3
TCAAGTGGTGCCTAAT,Micro_Selplg_Siglech
GGCAGTCGTTGTGTTG,Oligo_Opalin_Synpr
TTTCGATGTGTAGCAG,Fibro_Eya2_Syt9_1
AGAGAATGTTCTATCT,OPC_Cspg5
AGCATCACATTCATCT,Micro_Selplg_Siglech
CTCAATTGTATGCTTG,Pit_Six1_Hmgcs2_2
ACTTTGTAGACATCAA,Oligo_Opalin_Synpr
GATTCGACACCTGATA,Oligo_Opalin_Enpp6_1
GACACGCAGTGCACAG,Oligo_Opalin_Synpr
AGCCACGGTATGCAAA,OPC_Cspg5
ACATTTCGTTTAGAGA,Oligo_Opalin_Enpp6_1
TTCCGTGCAGTGGGTA,OPC_Cspg5
TACTGCCTCTCCAAGA,Oligo_Opalin_Synpr
GGAGGATGTAGCGATG,Ex_Skor1_Frem1_3
AGGTGTTCAGCTGGTC,Oligo_Opalin_Synpr
CGTAATGTCAGGTAAA,OPC_Cspg5
GTTGTCCTCGCGTGCA,OPC_Cspg5
GTTGCTCAGAGCACTG,Oligo_Opalin_Synpr
CATACTTGTGAATAAC,OPC_Cspg5
CAGCACGGTAACCAGG,Oligo_Opalin_Enpp6_1
AGGTAGGTCCGAACGC,Oligo_Opalin_Synpr
GGTGAAGAGAAACCCG,Fibro_Eya2_Srpx2
TAAGCCAGTCATCAGT,OPC_Cspg5
TATCCTACATGAATCC,Endo_Flt1_Kcnj8
GGCACGTAGATGCAGC,Oligo_Opalin_Enpp6_1
GGATGTTTCAGACATC,Oligo_Opalin_Enpp6_1
CCTTCAGTCACGACTA,Oligo_Opalin_Synpr
TTTACTGTCTAGTACG,OPC_Cspg5
TGTTGAGCAGTTTCAG,Oligo_Opalin_Synpr
AAGACAAAGGCATCGA,Oligo_Opalin_Synpr
AGTAGTCCAGGCCCTA,Oligo_Opalin_Synpr
TATCGCCCATCGGTTA,OPC_Cspg5
ACAGCCGAGAGAGTTT,Oligo_Opalin_Synpr
CGCGTGAAGACCAAGC,Oligo_Opalin_Enpp6_1
GACTGATTCTACGGTA,Oligo_Opalin_Enpp6_1
TGAATGCAGCTAAATG,Oligo_Opalin_Synpr
CATCGTCAGGATGGCT,Oligo_Opalin_Synpr
TTTGGTTAGTCTCCTC,Oligo_Opalin_Enpp6_1
TCAGTGATCAACACCA,OPC_Cspg5
TCTACCGTCTGAGGCC,Oligo_Opalin_Enpp6_1
TGCACGGGTGGCCACT,Oligo_Opalin_Synpr
CTCATGCCAAGCTGTT,Oligo_Opalin_Enpp6_1
CGGGCATAGCGCCATC,Oligo_Opalin_Synpr
GTTCGCTGTATGAGGC,OPC_Cspg5
CATACAGGTAGGCAGT,OPC_Cspg5
CCAATGAGTGTGTCGC,Oligo_Opalin_Synpr
CCCTAACGTGTAGCAG,Oligo_Opalin_Enpp6_2
CCAAGCGGTACAAGCG,Oligo_Opalin_Enpp6_1
GGGACAAGTGAGACCA,Oligo_Opalin_Enpp6_1
TGGTGATAGTGCAAAT,Micro_Selplg_Siglech
TCGAACACAACACTAC,Oligo_Opalin_Enpp6_1
ATCCTATTCATTGCTT,Oligo_Opalin_Synpr
CTGCATCTCGCGTGCA,OPC_Cspg5
TCGCTTGCACTCACTC,Oligo_Opalin_Synpr
CTCCTTTGTCTTTATC,Fibro_Eya2_Aox3
CAGGCCAAGTATCTGC,Oligo_Opalin_Enpp6_1
TGAGTCACAGCTCTGG,Oligo_Opalin_Synpr
GGTAACTCAGTTTGGT,Oligo_Opalin_Synpr
CTTAGGACAAACAGGC,Oligo_Opalin_Synpr
AGTTAGCAGCCAACCC,Oligo_Opalin_Synpr
TGAATCGTCTCAACGA,Oligo_Opalin_Synpr
GTCTGTCAGAGCTTTC,Oligo_Opalin_Synpr
GACTGATAGTCAAGCG,OPC_Cspg5
GGGTCTGTCCATCACC,OPC_Cspg5
GTCAAGTCAAATGCTC,Oligo_Opalin_Synpr
GAGACTTCATCTAGAC,Oligo_Opalin_Enpp6_1
GTGCTTCGTACGCGTC,Oligo_Opalin_Synpr
CCGGGTAAGCAAGCCA,OPC_Cspg5
CCACTTGAGTAGATCA,Oligo_Opalin_Enpp6_1
ACGTAGTCAATTGTGC,Oligo_Opalin_Synpr
GTTCTATTCCAAGAGG,Oligo_Opalin_Enpp6_1
GTTACGAAGACTGGGT,Oligo_Opalin_Synpr
TAATCTCGTATCGTTG,OPC_Cspg5
ATGCGATAGCTGAGTG,Oligo_Opalin_Enpp6_1
ATGAGGGTCTTGAGCA,OPC_Cspg5
CTACCTGCAGCAGATG,Oligo_Opalin_Synpr
CCTCCTCGTTGCTTGA,Oligo_Opalin_Synpr
TCGATTTCAAAGGAGA,Oligo_Opalin_Enpp6_1
AGTCAACAGTGAATAC,Oligo_Opalin_Enpp6_1
CCACTTGAGCTGCCTG,Oligo_Opalin_Synpr
CTGTACCTCAAACTGC,Oligo_Opalin_Enpp6_1
CCTCAGTCAAACCGGA,Oligo_Opalin_Synpr
ATTCATCCACGGTGCT,Micro_Selplg_Siglech
CATCCACTCATTTCGT,OPC_Cspg5
TTTACGTCACCGTGCA,Oligo_Opalin_Synpr
GTTCCGTTCCTCGATC,Oligo_Opalin_Enpp6_1
AGCGCCATCCACTAGA,Oligo_Opalin_Synpr
CACGTTCTCACTTGGA,Oligo_Opalin_Synpr
GTGACGCCAAGAGTGC,OPC_Cspg5
AATTTCCAGTGTACCT,Oligo_Opalin_Enpp6_1
TGGCGTGCACCGAATT,Oligo_Opalin_Enpp6_1
TGATCAGAGAGAGCAA,OPC_Cspg5
TTGGTTTCATTCCTCG,Micro_Selplg_Siglech
CCATAAGTCGCGCCAA,Oligo_Opalin_Synpr
GGTAATCTCGTTGTGA,OPC_Cspg5
CTCAAGATCATACGGT,Fibro_Eya2_Aox3
ACGGAAGTCTGTGCAA,OPC_Cspg5
ACTATGGAGTTGGACG,Fibro_Eya2_Aox3
GTACAGTGTCGAACAG,OPC_Cspg5
CACTGTCAGATACATG,Oligo_Opalin_Synpr
GAAGGACGTATCCTTT,Oligo_Opalin_Synpr
TCAGTTTAGAGGTCGT,Oligo_Opalin_Enpp6_1
TGGGATTCAGTAGAGC,Oligo_Opalin_Enpp6_1
CGAAGTTCAATAGTAG,Oligo_Opalin_Synpr
ATGGGAGAGCTCACTA,Oligo_Opalin_Synpr
GTTGTAGAGCACACAG,Oligo_Opalin_Enpp6_1
AACGTCAAGCCTGGAA,Oligo_Opalin_Synpr
CAATACGGTGGTCCCA,Micro_Selplg_Siglech
GTTCCGTCACAGTACT,Oligo_Opalin_Enpp6_1
GAATAGAAGGGCGAGA,OPC_Cspg5
TCTGCCATCAACACCA,Oligo_Opalin_Enpp6_1
TCGGGCACATAGAAAC,Oligo_Opalin_Synpr
CTATCCGTCCGTCCTA,Oligo_Opalin_Synpr
AGGCTGCAGGATGCGT,Oligo_Opalin_Enpp6_1
ATTGGGTTCGGCATCG,OPC_Cspg5
CTTCCGAAGAGAAGGT,Oligo_Opalin_Enpp6_1
TGTAACGCAAGTCATC,Oligo_Opalin_Enpp6_1
TCACAAGAGCGAACTG,Oligo_Opalin_Synpr
TGGGCGTAGCGTTACT,OPC_Cspg5
GCAGCTGGTTATTCTC,Oligo_Opalin_Synpr
TTCCAATAGAAGCGGG,OPC_Cspg5
CAGCCAGGTAAGCGGT,Oligo_Opalin_Enpp6_1
CGCATAATCCGCTAGG,Oligo_Opalin_Enpp6_1
TTTGGTTTCAAGAGTA,Oligo_Opalin_Synpr
TTGAGTGTCAGTGCGC,Oligo_Opalin_Synpr
TGGATCATCCACTGGG,OPC_Cspg5
CACGTGGAGAGTGAAG,Oligo_Opalin_Synpr
AGGGTTTTCAAAGACA,Oligo_Opalin_Synpr
GGTTAACTCGTGTGGC,OPC_Cspg5
GGGACTCGTCCGTACG,Oligo_Opalin_Synpr
ACACGCGAGGCTAAAT,Oligo_Opalin_Enpp6_1
TGTGCGGAGAGGGCGA,Oligo_Opalin_Synpr
CTATCCGAGGACAGCT,Oligo_Opalin_Synpr
GGGACCTAGAACGTGC,Micro_Selplg_Siglech
GATGCTAAGCTTCATG,Oligo_Opalin_Synpr
TCATGCCGTCTTCTAT,Micro_Selplg_Siglech
CTTTCAACACTTACAG,Oligo_Opalin_Synpr
TGTGCGGGTCTGTGTA,Oligo_Opalin_Synpr
TCTTTGACAGAGCGTA,OPC_Cspg5
CGCCATTAGAAGTATC,Oligo_Opalin_Synpr
GCAACCGCAAGAGGCT,OPC_Cspg5
GGCTTGGAGGTTAGTA,Fibro_Eya2_Slc47a1_1
GCCAGCAAGGGTTGCA,Oligo_Opalin_Enpp6_1
GATCACAAGTGGAAGA,OPC_Cspg5
ATGTCCCCAGCCATTA,Micro_Selplg_Siglech
AGCGTATTCGGTGCAC,OPC_Cspg5
GACAGCCAGTGCACTT,Endo_Flt1_Kcnj8
TTATTGCTCTCAGAAC,Oligo_Opalin_Synpr
GTGCAGCCAAGCTACT,Oligo_Opalin_Enpp6_1
CACGTGGCAGGGACTA,OPC_Cspg5
TTACGCCTCTTGGTGA,Fibro_Eya2_Aox3
CTATAGGCAGGAAGTC,Oligo_Opalin_Synpr
TCGCTCATCAGCTCTC,Micro_Selplg_Siglech
TCAATTCCACATCATG,Oligo_Opalin_Enpp6_1
TCGTCCATCTCAGAAC,Oligo_Opalin_Enpp6_1
CCTCCTCTCTTGGTCC,Tanycyte_Rax_Ccdc170
CCCTCTCCAATGGGTG,Oligo_Opalin_Enpp6_1
ATAGACCCAACAGAGC,Oligo_Opalin_Synpr
CACGTGGCAGTCGCTG,Oligo_Opalin_Enpp6_1
ACTATTCCACCTATCC,Micro_Selplg_Siglech
ACTATCTAGTGCTCAT,Micro_Selplg_Siglech
GCGGAAAGTGAGATAT,Oligo_Opalin_Enpp6_1
CATCCGTCACACGGTC,Micro_Selplg_Siglech
TTTCATGTCTGGGATT,Oligo_Opalin_Synpr
ATCGTAGCACCTGCGA,Oligo_Opalin_Synpr
CATGAGTAGATAACGT,Oligo_Opalin_Enpp6_2
GCACATAAGAGCAGCT,Oligo_Opalin_Enpp6_1
ACACGCGGTCAGCTTA,Oligo_Opalin_Synpr
AGAGCAGTCAAGCTTG,OPC_Cspg5
TCCACCAGTACAAACA,Fibro_Eya2_Aox3
TCTACATAGTATGGAT,OPC_Cspg5
TGGGAAGTCGGTCAGC,Astro_Agt_Sntg1
TGCACGGTCCACCTCA,Micro_Selplg_Siglech
TCTATCAGTTCGAGCC,Oligo_Opalin_Synpr
ACGCACGAGTTAACAG,Micro_Selplg_Siglech
CCACTTGAGTAAACTG,Fibro_Eya2_Slc47a1_1
CTTAGGAGTACTCCGG,Oligo_Opalin_Enpp6_1
GATTCGACAGAGAAAG,Fibro_Eya2_Aox3
TTACGCCCACGCTGCA,Macro_Mrc1_Ms4a4a
CTCCACAAGACCGCCT,Oligo_Opalin_Synpr
AGGGTGACAGACGGAT,Ex_Nkx2-4_Calcr_6
CCACTTGGTAGGCAAC,Oligo_Opalin_Synpr
CGCGTGAAGGGTAGCT,Oligo_Opalin_Enpp6_1
GTTACCCCACGACAGA,Micro_Selplg_Siglech
GATTCTTGTACCGGAA,OPC_Cspg5
GGGTCACCATAGACTC,Fibro_Eya2_Aox3
TTCGGTCAGTGACACG,Oligo_Opalin_Synpr
ACTATGGAGCTGTTCA,Oligo_Opalin_Synpr
CGCCAGATCCTGATAG,Oligo_Opalin_Enpp6_1
GATGACTCACAAATAG,Micro_Selplg_Siglech
ACTATTCCATTGCTTT,Tanycyte_Rax_Ccdc170
ATGGGAGTCGCAGAGA,Oligo_Opalin_Enpp6_2
ATGCCTCAGTATAGAC,OPC_Cspg5
GAAACCTTCGTTCCTG,Fibro_Eya2_Aox3
GGCACGTCAAGAGTTA,Oligo_Opalin_Synpr
CAACGGCGTCCACGCA,Oligo_Opalin_Enpp6_1
GGCTTTCAGTCTGCGC,Oligo_Opalin_Synpr
GAACGTTAGCCTCGTG,OPC_Cspg5
CAATACGCAGAGTAAT,Fibro_Eya2_Aox3
TGGGCTGTCCTACACC,Oligo_Opalin_Synpr
GTCGCGAAGCCGAACA,Oligo_Opalin_Synpr
AGAGAGCTCGCTCTCA,Oligo_Opalin_Enpp6_1
CCTGTTGGTCGCAGTC,Oligo_Opalin_Synpr
TCGTAGACAGTAGATA,Oligo_Opalin_Synpr
ATCCGTCCATTCCTCG,Oligo_Opalin_Synpr
GAGACCCGTTCAAGGG,Oligo_Opalin_Enpp6_1
TGTGATGTCAACGAGG,Oligo_Opalin_Enpp6_1
GTTGAACCAATTTCGG,Oligo_Opalin_Enpp6_1
AGAGCCCTCAGCTTGA,Endo_Flt1_Kcnj8
GATGCTAAGCGTGCCT,Oligo_Opalin_Enpp6_1
TGAGGAGCAATGAACA,Oligo_Opalin_Enpp6_1
GGGAGTATCCACTTCG,Oligo_Opalin_Enpp6_1
TCAGCCTGTGGCCTCA,Oligo_Opalin_Synpr
GCCCGAACAAATAAGC,Oligo_Opalin_Synpr
TGTGCGGCAAGTATCC,OPC_Cspg5
AAATGGACACCGTACG,Oligo_Opalin_Enpp6_1
CAAGAGGTCCCAGCGA,Oligo_Opalin_Synpr
GGGACCTGTCTGCGCA,Oligo_Opalin_Synpr
TCACTATCATGTGGCC,Oligo_Opalin_Synpr
ATAGGCTTCGTGAGAG,OPC_Cspg5
ACCACAAAGCACTCGC,Oligo_Opalin_Synpr
GTCGTTCTCGACCACG,Oligo_Opalin_Enpp6_1
CGGGTCAAGTAGAGTT,Oligo_Opalin_Enpp6_1
GACGCTGAGCTAATCC,Oligo_Opalin_Synpr
TGGTAGTCACCAGTAT,Oligo_Opalin_Synpr
CGGAGAATCAACGTGT,Oligo_Opalin_Synpr
GGCTTTCAGAGTCCGA,Inh_Tbx3_Serpina3n_1
GACCCAGAGAGTACCG,Oligo_Opalin_Synpr
CGGAGAACATGAAAGT,Fibro_Eya2_Aox3
CTTCCTTCATAACGGG,Oligo_Opalin_Synpr
TGCATCCTCTCGGTCT,Oligo_Opalin_Synpr
ATGCATGCAACAAAGT,Oligo_Opalin_Enpp6_1
AAGTACCGTAGGAAAG,Oligo_Opalin_Synpr
AGATGCTTCAGTCTTT,OPC_Cspg5
CTATCCGCACACTGGC,Oligo_Opalin_Enpp6_1
CTGTACCAGCGCTGAA,Oligo_Opalin_Enpp6_1
AGAAATGTCATCGCTC,Micro_Selplg_Siglech
TGGGCGTGTGTGTTTG,Micro_Selplg_Siglech
TGACTCCGTGATATAG,Oligo_Opalin_Synpr
CTCCTCCAGGATACGC,Oligo_Opalin_Enpp6_1
AGGTTGTTCACCGGTG,Macro_Mrc1_Ms4a4a
TCTAACTAGACTCAAA,Oligo_Opalin_Enpp6_1
TACCCGTAGACCAGCA,Oligo_Opalin_Synpr
TGAGGGATCTATTCGT,Oligo_Opalin_Enpp6_1
CCGTAGGCATTACGGT,Oligo_Opalin_Enpp6_1
GCCATGGCAGAGTTGG,Fibro_Eya2_Aox3
TTGTTTGGTATACAGA,Oligo_Opalin_Synpr
GTGTCCTTCACGACTA,Micro_Selplg_Siglech
ATCGATGGTGATCATC,Oligo_Opalin_Synpr
GACTCAACAGCACAAG,Oligo_Opalin_Enpp6_1
GATTCTTCACTTGGGC,Oligo_Opalin_Synpr
CACAGGCGTATGGAAT,Oligo_Opalin_Synpr
CCTCAACAGGATTCAA,Oligo_Opalin_Synpr
TATTGGGGTAATCAGA,Oligo_Opalin_Synpr
TGTTTGTAGGACTGGT,Oligo_Opalin_Synpr
ACTACGACAGACATCT,Micro_Selplg_Siglech
GTAGGAGTCTGACCCT,Oligo_Opalin_Enpp6_1
ACTATCTAGACGGTTG,Oligo_Opalin_Enpp6_1
TCCAGAACACGCTGAC,Oligo_Opalin_Synpr
TAAGCGTTCAACTTTC,Oligo_Opalin_Synpr
AAAGGGCGTGAGTAAT,OPC_Cspg5
TGGGCGTAGGAAGAAC,OPC_Cspg5
AATGGAAGTCAACCTA,Endo_Flt1_Kcnj8
TTGCTGCCAAGGTACG,Oligo_Opalin_Enpp6_1
AAGTACCTCAATGTCG,Oligo_Opalin_Synpr
TGAGGGAGTGAGGCAT,Oligo_Opalin_Enpp6_1
TTGAACGGTACGCGTC,OPC_Cspg5
AACCAACTCACCATCC,Oligo_Opalin_Synpr
TACTTCATCGACCATA,Oligo_Opalin_Enpp6_1
GGTTCTCGTTTACCAG,Oligo_Opalin_Enpp6_1
TAACACGTCGCATGAT,Oligo_Opalin_Synpr
TAGGGTTTCTCCCAAC,Oligo_Opalin_Synpr
ATCTTCACACTGCGAC,Fibro_Eya2_Aox3
CAAGGGAGTTAATCGC,Micro_Selplg_Siglech
CGTGATAGTACTCGAT,Oligo_Opalin_Synpr
TACCGGGTCCGCAACG,Micro_Selplg_Siglech
CATCGCTCAGTTAAAG,Oligo_Opalin_Synpr
TAGGTTGAGGGCGAAG,Oligo_Opalin_Synpr
CACTGGGGTCTGTGCG,Oligo_Opalin_Synpr
GGAGATGTCTACGGGC,Oligo_Opalin_Synpr
TCTATCAGTAGGTCAG,Oligo_Opalin_Enpp6_2
CAGATCAGTTGAGTCT,Oligo_Opalin_Synpr
TCAGCAACATGCGTGC,Oligo_Klk6_1
GTGCTGGTCTCCTGCA,Oligo_Opalin_Synpr
AACAAAGCACTACTTT,Oligo_Opalin_Synpr
CAGCGTGTCCTCAGAA,Oligo_Opalin_Synpr
ATCGTGACAGCCTACG,OPC_Cspg5
CAGATTGAGCTTGTTG,Oligo_Opalin_Synpr
CTCGAGGGTCGGTGAA,Fibro_Eya2_Slc47a1_1
CATCGTCGTCAGGTAG,Oligo_Opalin_Synpr
GATTGGTGTTGAGAGC,Oligo_Opalin_Synpr
CCTAACCAGAGCAGCT,Fibro_Eya2_Aox3
TTTGTTGTCTGAACGT,Oligo_Opalin_Synpr
TGTTTGTCATCGCTAA,Oligo_Klk6_1
CGATGGCGTCGTGGAA,Inh_Six6_Th
GTAGAGGAGCACTGGA,Oligo_Opalin_Enpp6_1
TCCTTCTGTCAGCTTA,Micro_Selplg_Siglech
CTTTCGGCACGCACCA,Oligo_Opalin_Synpr
CGCATAAGTTACCCAA,Micro_Selplg_Siglech
CCTTTGGTCAACTTTC,Oligo_Opalin_Synpr
TGAGCATCAGGTTCCG,Micro_Selplg_Siglech
GTCCCATCAGTCGCAC,Micro_Selplg_Siglech
TGCTTGCTCTCCTACG,Oligo_Opalin_Synpr
CACGTGGGTTACACTG,Oligo_Opalin_Enpp6_1
AAAGTGACATACAGGG,Oligo_Opalin_Synpr
AGGTTACTCTTAGCCC,Micro_Selplg_Siglech
TCCGAAAAGCGCCCAT,Oligo_Opalin_Synpr
TCGCTCAAGGTAAGTT,Fibro_Eya2_Syt9_1
TTCACCGGTCTTGTCC,Oligo_Opalin_Enpp6_1
CATTGTTTCAGTCCGG,Oligo_Opalin_Enpp6_2
CGAGAAGCACTGAGTT,Fibro_Eya2_Aox3
GACTATGTCGGCTGTG,Oligo_Opalin_Synpr
GTGTCCTGTGGCCACT,Fibro_Eya2_Dapl1
TGATCTTTCATTTCCA,Oligo_Opalin_Enpp6_1
ACCCTTGTCGCTATTT,Oligo_Opalin_Synpr
ATTCGTTCAATACCCA,Oligo_Opalin_Synpr
GTGGGAATCATACGGT,Oligo_Opalin_Synpr
TTACCATAGTGAACAT,Macro_Mrc1_Ms4a4a
AGAAATGTCTTCTGGC,Oligo_Opalin_Synpr
TTCAGGATCAGACCGC,Oligo_Opalin_Enpp6_1
ATTTCTGCAGACAAGC,Oligo_Opalin_Enpp6_1
TTCTTCCAGCTAAACA,Micro_Selplg_Siglech
CTAGACACAAATGAAC,Oligo_Opalin_Enpp6_1
GTGTCCTCATAGAATG,OPC_Cspg5
AGTGTTGCAAGTGACG,Oligo_Opalin_Enpp6_1
TGTTTGTCACGAAAGC,Oligo_Opalin_Synpr
GTGCTTCAGCTCATAC,OPC_Cspg5
GGTAACTAGCGCGTTC,OPC_Cspg5
ATCGTCCAGCACTCTA,Oligo_Opalin_Enpp6_1
CAGCCAGAGTATGAGT,Oligo_Opalin_Enpp6_2
TATTCCAAGGTCACAG,Oligo_Opalin_Synpr
CTGCGAGTCTGAGAAA,Oligo_Opalin_Synpr
CCGAACGCACGTGAGA,Micro_Selplg_Siglech
TGTCCACCATCACCAA,Oligo_Opalin_Synpr
TGCTGAATCGACTCCT,Oligo_Opalin_Enpp6_1
AATCGTGTCGCTTGAA,Oligo_Opalin_Synpr
CAACGATTCAAGAGTA,Oligo_Opalin_Enpp6_1
TTAGGGTGTGTAGGAC,Oligo_Opalin_Synpr
CATGGTACAGAGGAAA,Oligo_Klk6_1
ACTGCAACAATAGGAT,Oligo_Opalin_Enpp6_1
GGGTGAAAGCCACCGT,Oligo_Opalin_Synpr
TACCGGGTCGGCGATC,Oligo_Opalin_Synpr
GATCCCTAGAGAGCGG,Oligo_Opalin_Synpr
AGAAGTAAGTAAACTG,Oligo_Opalin_Enpp6_1
TACGCTCTCGTAATGC,Oligo_Opalin_Enpp6_1
GGAACCCTCGGACTGC,Oligo_Opalin_Synpr
AAACCCATCTGAGCAT,Micro_Selplg_Siglech
GCCCAGATCCCATTTA,Oligo_Opalin_Enpp6_1
TTACCGCAGTTCCTGA,Oligo_Opalin_Synpr
CAGTTAGCACCTCTGT,Oligo_Opalin_Synpr
TAAGCCATCAAGCGTT,Oligo_Opalin_Enpp6_1
TGATGGTAGCGCCATC,Oligo_Opalin_Synpr
CACACAACATGAAAGT,Oligo_Opalin_Synpr
GTGCGTGTCCGAGCTG,Oligo_Opalin_Synpr
GTCATCCGTCCAGAAG,Oligo_Opalin_Enpp6_1
CTCCAACGTCAGTCGC,Micro_Selplg_Siglech
TGGGCTGCAATTGCTG,Micro_Selplg_Siglech
AGTCAACAGGCGCTCT,Oligo_Opalin_Enpp6_1
ACTTTCATCAACACGT,Inh_Nkx2-2_Ppp1r17
ACTTAGGAGTTCGCAT,Oligo_Opalin_Synpr
GTGACGCAGGGCAGAG,Oligo_Opalin_Enpp6_1
TGCTTCGTCTCCTGCA,Micro_Selplg_Siglech
TCAAGCACACCGTCGA,Micro_Selplg_Siglech
GAGTGAGAGAGAGGGC,Tanycyte_Rax_Ccdc170
TTCTTCCTCTAGCCAA,Oligo_Opalin_Synpr
GATCCCTAGCTAGTTC,Ex_Sim1_Kynu
GAGTCATAGAATAACC,OPC_Cspg5
AATTCCTCAAATCAAG,Oligo_Opalin_Synpr
GCCCGAACACACCGAC,Oligo_Opalin_Synpr
GAGTGAGTCGGTAGAG,Fibro_Eya2_Srpx2
TTTACCAGTCTAGATC,Oligo_Opalin_Enpp6_1
TTGTTTGCAAATCCCA,Oligo_Opalin_Synpr
GAGTCTAAGTGGACTG,Oligo_Opalin_Enpp6_1
CAACGGCTCAAACCTG,Oligo_Opalin_Synpr
GCTTGGGCAGCGGTTC,Oligo_Opalin_Synpr
TTTGTTGGTTGCTCGG,Oligo_Opalin_Synpr
CTCAAGACACCAACAT,Macro_Mrc1_Ms4a4a
CTAGGTAAGCGTACAG,OPC_Cspg5
ACATCGATCCGGCAAC,Micro_Selplg_Siglech
CTCCTTTTCTGTCTCG,Oligo_Opalin_Synpr
CCTCTCCAGAGCCTGA,Oligo_Opalin_Enpp6_1
TGTAAGCCATTAGGAA,Oligo_Opalin_Synpr
TGTTCCGCAAACTAAG,Oligo_Opalin_Enpp6_1
AAGGTAAAGCTCATAC,Oligo_Opalin_Synpr
TCAGCCTAGTGTTCCA,Oligo_Opalin_Synpr
TTTATGCCATGACTCA,Oligo_Klk6_1
GAAGGGTCAGGTCTCG,Oligo_Opalin_Enpp6_1
GCCAGTGCAAAGAACT,Micro_Selplg_Siglech
AGATGCTTCCGTGTGG,Oligo_Opalin_Synpr
AGGGCTCCACTGATTG,Oligo_Opalin_Enpp6_1
GGGTGTCTCCAGGACC,Oligo_Opalin_Synpr
AAGTACCGTCTCAAGT,Endo_Flt1_Kcnj8
GCCATGGTCAGTCATG,Oligo_Opalin_Enpp6_1
ATTTCACTCGACACCG,Fibro_Eya2_Syt9_1
TGGGCTGAGCTTCGTA,Tanycyte_Rax_Ccdc170
AAATGGAAGGGAACAA,OPC_Cspg5
CATACAGTCGGACAAG,Oligo_Opalin_Synpr
TCCATCGAGAGTTGAT,Oligo_Opalin_Enpp6_2
CAGATACCAAAGCAAT,Micro_Selplg_Siglech
ATCACGACATCGAGCC,Micro_Selplg_Siglech
CGAATTGAGTATAGGT,Oligo_Opalin_Synpr
ATCGTGAAGGTAAGGA,OPC_Cspg5
AAGTCGTAGCATGATA,Oligo_Opalin_Enpp6_1
TTCCACGTCAACTACG,Oligo_Opalin_Enpp6_1
AACAACCGTGTCTTAG,Fibro_Eya2_Slc47a1_1
TTTCGATTCTACACAG,Oligo_Opalin_Enpp6_1
AGGCCACCACCTCGTT,Oligo_Opalin_Synpr
CATGGTAGTCTATGAC,Oligo_Opalin_Synpr
ACTGTCCCATGGCCAC,Oligo_Opalin_Synpr
CCCGAAGTCGACGAGA,Oligo_Opalin_Synpr
TGCGATACAAACCATC,Micro_Selplg_Siglech
CTCTGGTAGACATCAA,Fibro_Eya2_Srpx2
ACCTGAACACGTCTCT,Fibro_Eya2_Aox3
CGTAATGCAAACCACT,Oligo_Opalin_Enpp6_1
AGATGCTAGGGCAGAG,Endo_Flt1_Kcnj8
CTTCTAATCCCAAGCG,Oligo_Opalin_Synpr
TCGGGCATCAAGGAGC,Micro_Selplg_Siglech
TCATTCAGTTATAGAG,Oligo_Opalin_Enpp6_1
CGATCGGGTCCGAAGA,Micro_Selplg_Siglech
TACGCTCAGCTTCTAG,Oligo_Opalin_Synpr
GCCAACGGTGCCGAAA,Oligo_Opalin_Enpp6_1
ACAACCATCAGGTGTT,Micro_Selplg_Siglech
AACCATGAGTCTTGGT,Fibro_Eya2_Aox3
AAATGGAGTACCCGCA,Oligo_Opalin_Synpr
ATGATCGTCTGCCTGT,Oligo_Opalin_Synpr
CGAATTGAGGGAGGGT,Oligo_Opalin_Enpp6_2
CAGGCCAGTTCCAAAC,Oligo_Opalin_Synpr
ACACTGAGTGTCCAAT,Endo_Flt1_Kcnj8
ATCATTCGTGCCCTTT,Oligo_Opalin_Synpr
ACTTAGGGTTGCATAC,OPC_Cspg5
AGGTGTTGTAGAGACC,Oligo_Opalin_Synpr
TGGTGATTCGCCTTTG,Oligo_Opalin_Synpr
ACGTCCTTCACTCTTA,Micro_Selplg_Siglech
ACAGAAATCTAATTCC,Oligo_Opalin_Synpr
GTCGTTCCAATTGCTG,Oligo_Opalin_Enpp6_1
GTATTTCCACTAGGTT,Oligo_Opalin_Synpr
AGGGTTTTCCTGTTGC,Oligo_Opalin_Synpr
ATTGTTCGTTCGGTTA,Oligo_Opalin_Enpp6_1
CCACTTGGTGGCACTC,Oligo_Opalin_Synpr
CATGCGGGTGTCTTCC,Micro_Selplg_Siglech
ATTTACCCACTCTCGT,Fibro_Eya2_Slc47a1_1
TGCGATAGTAGTGGCA,Oligo_Opalin_Enpp6_1
TATCAGGAGGAATCGC,Oligo_Opalin_Enpp6_1
TAACACGAGTAGTGCG,Oligo_Opalin_Enpp6_1
GCGGAAATCTAATTCC,Oligo_Opalin_Enpp6_1
ATTCGTTGTGTGTTTG,Oligo_Opalin_Synpr
TGGAGGAGTTAGGGAC,Oligo_Opalin_Synpr
CACTTCGAGTCGCCCA,Fibro_Eya2_Aox3
TAGAGTCAGTTGCTGT,OPC_Cspg5
GCAGTTATCCATTCGC,Micro_Selplg_Siglech
GCATTAGAGCGTGCCT,Oligo_Opalin_Enpp6_1
TTCGATTAGAGATGCC,Oligo_Opalin_Synpr
TCCCAGTTCGTAACCA,Oligo_Opalin_Synpr
AACGTCAAGGAAGTGA,Oligo_Opalin_Enpp6_1
GGAACCCAGGAGGTTC,Oligo_Opalin_Synpr
TTGAGTGAGCGCCCAT,Micro_Selplg_Siglech
AGAGCAGGTAACAAGT,Oligo_Opalin_Synpr
GGGACCTGTAACAGTA,Oligo_Opalin_Enpp6_1
TCTGCCATCCTCGATC,Fibro_Eya2_Aox3
GGAGGATCAAGTGCAG,Oligo_Opalin_Synpr
TACGGGCGTCATGACT,Oligo_Opalin_Synpr
CCGATCTCAATCGCCG,Oligo_Opalin_Enpp6_1
TCCGATCTCCGCAACG,Oligo_Opalin_Enpp6_1
TTGTGGAGTCCAAAGG,Oligo_Opalin_Enpp6_1
TGTAAGCGTCTGTCAA,Oligo_Opalin_Synpr
AAGGAATTCGACGCTG,Fibro_Eya2_Aox3
CGGGCATCAATTGCGT,Oligo_Opalin_Synpr
CAGCCAGGTTGAGGAC,Oligo_Opalin_Enpp6_1
GAAGGACAGCCGGATA,Oligo_Opalin_Enpp6_1
CTCTCAGTCCTGTTAT,Oligo_Opalin_Synpr
GGGTGTCAGACTGTTC,Oligo_Opalin_Synpr
CGGAGAAGTACCATAC,Fibro_Eya2_Aox3
TCAGTCCGTACCGTGC,Endo_Flt1_Kcnj8
CGAGAAGGTGAGATAT,OPC_Cspg5
ATCGGCGGTGATGGCA,Ex_Sim1_Pla2r1
TATTGCTAGTGTTCAC,Oligo_Opalin_Synpr
ATGTCTTGTTTGCCGG,Oligo_Opalin_Synpr
ACAACCATCCCGTTGT,Endo_Flt1_Rgs5_Slc19a3_1
CTGGCAGCAAATGCTC,Oligo_Opalin_Synpr
TTGGATGTCTTCGTGC,Oligo_Opalin_Enpp6_1
CAAGAGGAGAAGTCCG,Micro_Selplg_Siglech
ACACGCGAGACAAGCC,Fibro_Eya2_Aox3
TCAATTCAGTGGATTA,Oligo_Klk6_1
CTACTATTCGGATACT,Oligo_Opalin_Synpr
GCATTAGAGAGCATCG,Oligo_Opalin_Synpr
GTCGTTCTCCCTCTTT,Oligo_Opalin_Enpp6_1
AAAGGGCCAATGAAAC,Micro_Selplg_Siglech
GCTTCACTCTAAGCGT,Micro_Selplg_Siglech
ACAACCAAGACTGTTC,Oligo_Opalin_Synpr
GTCCACTAGAGGCTGT,Oligo_Opalin_Enpp6_1
TACGCTCTCGGACCAC,Oligo_Opalin_Synpr
TATTTCGAGCACACAG,Endo_Flt1_Rgs5_Slc19a3_1
CATGGTAAGAGGATCC,Fibro_Eya2_Aox3
ATCGGATGTTTCAGAC,Oligo_Opalin_Enpp6_1
AGGCTGCCATCAGCAT,Oligo_Opalin_Synpr
GACCGTGTCTGTCAGA,Fibro_Eya2_Dapl1
ATCACTTCACCCAATA,Oligo_Opalin_Synpr
GTAGCTACACTCCTGT,Fibro_Eya2_Aox3
GGTAGAGGTCACCACG,Oligo_Opalin_Synpr
TGCGGCAAGAAGCGCT,Fibro_Eya2_Aox3
ATTCAGGAGGAGCTGT,Oligo_Opalin_Synpr
AACGTCACACTCGATA,Oligo_Opalin_Enpp6_1
CATTTCAAGACCCTTA,Oligo_Opalin_Enpp6_1
CGGACACGTCTTTCTA,Tanycyte_Rax_Ccdc170
TTAATCCGTTCCATTT,Oligo_Opalin_Enpp6_1
TCCGGGATCTTGCGCT,Oligo_Opalin_Synpr
CTGCGAGGTTCTCACC,Oligo_Opalin_Synpr
GGTTGTATCCAACTGA,Micro_Selplg_Siglech
CCGAACGAGTTGCCCG,Fibro_Eya2_Srpx2
TCAATCTAGTAAGGGA,OPC_Cspg5
TCCTGCATCGTAACTG,Oligo_Opalin_Synpr
CAGGCCAAGAAGGTAG,Oligo_Opalin_Enpp6_1
TCCTGCACACGTATAC,Macro_Mrc1_Ms4a4a
CACAACACACGCGCTA,Oligo_Opalin_Enpp6_1
TCGGATACAGACACCC,Oligo_Opalin_Synpr
CGCATGGTCGCGTGCA,Oligo_Opalin_Enpp6_2
TATCTGTTCTGGGCCA,Oligo_Opalin_Synpr
CAGATTGGTTAGTTCG,OPC_Cspg5
TCGTAGAGTCGACTGC,Oligo_Opalin_Synpr
GTAGCTATCGAACCTA,OPC_Cspg5
TGCTGAATCTTACACT,Oligo_Opalin_Enpp6_1
GTGTGATGTAGGTTTC,Oligo_Opalin_Synpr
CGCATAACACAACGCC,Fibro_Eya2_Aox3
GGCACGTTCTTCCAGC,Fibro_Eya2_Aox3
TAGTGCAGTATCCCAA,Micro_Selplg_Siglech
TAAGCCAGTTACGCCG,Oligo_Opalin_Enpp6_1
GTTCATTCATGGCTAT,Oligo_Opalin_Enpp6_1
AAAGTCCGTACTCGAT,Oligo_Opalin_Synpr
TAGCACAAGCGCACAA,Oligo_Opalin_Enpp6_1
ATCCGTCGTGCCGAAA,OPC_Cspg5
TTTGATCAGCAAATCA,Oligo_Opalin_Synpr
TTCGGTCGTACCTAGT,Oligo_Opalin_Synpr
CTCCTCCAGTTCGCAT,Oligo_Opalin_Synpr
CCACAAACAAGGAGTC,Oligo_Opalin_Synpr
GGTGAAGGTGAGATCG,Oligo_Opalin_Synpr
TCTGTCGAGAGAAGGT,Oligo_Opalin_Synpr
GTGCTGGAGATCACTC,Micro_Selplg_Siglech
GAGACTTTCTCTCTTC,Fibro_Eya2_Aox3
ATCCACCCATTCTGTT,Oligo_Opalin_Enpp6_1
AATGCCACACATGAAA,Oligo_Opalin_Enpp6_2
TCAGGGCAGGTAGTAT,Oligo_Opalin_Synpr
TTGGTTTAGTGCCAGA,Macro_Mrc1_Ms4a4a
GGATGTTGTTTGAACC,Oligo_Opalin_Synpr
TGTTACTGTCGAGTTT,OPC_Cspg5
AGACAAAGTGAATAAC,Micro_Selplg_Siglech
GTACAACCAACTCGTA,Micro_Selplg_Siglech
GGAATGGAGACATACA,Oligo_Opalin_Synpr
TGCAGGCAGACGGATC,Oligo_Opalin_Enpp6_1
CCGTGAGAGATGAACT,Oligo_Opalin_Synpr
GCTGAATTCAAATAGG,Oligo_Opalin_Synpr
CTATAGGTCCATGCAA,Micro_Selplg_Siglech
TCCTCGAAGGTTCTAC,Oligo_Opalin_Enpp6_1
GATAGAACAACCCGCA,Oligo_Opalin_Enpp6_1
ATCAGGTCACGACGAA,Oligo_Opalin_Synpr
TCTCCGAGTTGTCATG,Oligo_Opalin_Synpr
TTGTTCAGTTTGGCTA,Oligo_Opalin_Enpp6_1
TCATTTGAGCTGAAAT,Micro_Selplg_Siglech
CCTCTAGGTTACCTGA,Oligo_Opalin_Synpr
AGGGTCCTCTATCCAT,Oligo_Opalin_Synpr
CTTACCGTCGCTACGG,Oligo_Opalin_Synpr
CTTTCAACATAATCCG,Micro_Selplg_Siglech
TGTAGACAGGTAAGAG,Oligo_Opalin_Enpp6_1
AGGTCATCACGAAGAC,Oligo_Opalin_Synpr
AGTTCCCGTACGTGAG,Oligo_Opalin_Synpr
AAGACAACATCGAAGG,Fibro_Eya2_Aox3
AATTTCCAGAAACTAC,Oligo_Opalin_Synpr
CAGGTATGTGAGTCAG,Micro_Selplg_Siglech
GAGCTGCCATACTTTC,Macro_Mrc1_H2-Aa
ACCCTTGAGCGACTGA,Oligo_Opalin_Synpr
GTAGTACGTTTCGCTC,Micro_Selplg_Siglech
ATCCCTGAGCTGCCAC,Oligo_Opalin_Synpr
GACACGCCAGGCGTTC,Oligo_Opalin_Enpp6_1
ATGGATCCAAGTACCT,Fibro_Eya2_Aox3
TCCGATCGTGCCTACG,Oligo_Opalin_Synpr
CATTGAGCAACCCGCA,Fibro_Eya2_Aox3
GCCAGGTAGGATTTGA,Oligo_Opalin_Enpp6_1
GGTGTCGAGCCTGCCA,Fibro_Eya2_Aox3
TATCGCCAGCGCCTTG,Oligo_Opalin_Synpr
TAATTCCCAACACGTT,Endo_Flt1_Kcnj8
CGATGGCTCCATCTAT,Oligo_Opalin_Enpp6_1
AGCTCAAGTGCATTTG,Micro_Selplg_Siglech
TTCCGTGTCGTGGTAT,Endo_Flt1_Rgs5_Slc19a3_1
GGCTGTGTCCGTGGTG,Oligo_Opalin_Synpr
GTGTAACCAAGCAATA,Fibro_Eya2_Aox3
GAATCGTCATCGGTTA,Micro_Selplg_Siglech
CAACCAAGTGTTAAAG,Endo_Flt1_Lrg1_1
CGTCCATAGTGATGGC,Oligo_Opalin_Synpr
TCGGATAGTTGTAAAG,Oligo_Opalin_Synpr
GTGTAACAGGGAACAA,Micro_Selplg_Siglech
AGGTTGTAGCAACAGC,Oligo_Opalin_Synpr
GACACGCCAAATTAGG,Oligo_Opalin_Synpr
CGGAATTTCGACATCA,Oligo_Opalin_Synpr
TTGTTTGCACTAACCA,Fibro_Eya2_Aox3
AGCGTCGTCTCTGGTC,Inh_Tbx3_Serpina3n_1
TGCTGAAGTCTGTCAA,Oligo_Opalin_Synpr
TCCTCCCAGGCATGGT,Macro_Mrc1_Ms4a4a
GATTCGATCTACTCAT,Micro_Selplg_Siglech
CTCGAGGGTTTACTGG,Micro_Selplg_Siglech
TGGAGGAGTGTGGACA,Oligo_Opalin_Enpp6_1
GCTCAAATCTGAGAAA,Oligo_Opalin_Enpp6_1
ACCCTTGCATGGAAGC,Fibro_Eya2_Aox3
TAGAGTCCAGGTGACA,Oligo_Klk6_1
GTCCCATAGAATGTTG,Oligo_Opalin_Enpp6_1
TGAGGGATCCGAACGC,Oligo_Opalin_Synpr
TGTGGCGAGCTAGTTC,Ex_Sim1_Pla2r1
TAGCACACAGTGCGCT,Oligo_Opalin_Synpr
AGGACTTCAGTCGCAC,Endo_Flt1_Kcnj8
ATATCCTCACGGCACT,Oligo_Opalin_Enpp6_1
CTATCTAGTGCTTCAA,Oligo_Opalin_Synpr
CGTGCTTCAAGGCGTA,Oligo_Opalin_Enpp6_1
GCGTGCAAGCTGTTAC,Oligo_Opalin_Synpr
AGCCAATCAAGGTACG,Oligo_Opalin_Synpr
AAGTACCTCCCGATCT,Oligo_Opalin_Enpp6_1
GTTGTAGGTGAGGCAT,Micro_Selplg_Siglech
CTGTCGTAGGCGAACT,Micro_Selplg_Siglech
GAAGAATTCATTCATC,Oligo_Opalin_Synpr
TGTCCCAGTTGGAGGT,Oligo_Opalin_Enpp6_1
AGCGATTAGTAAATGC,Oligo_Opalin_Enpp6_1
GTAGGAGAGACAGCTG,Fibro_Eya2_Slc47a1_1
AGACAGGTCCGTATAG,Oligo_Opalin_Synpr
TGTTACTCAAGCGAAC,Oligo_Opalin_Synpr
CGAGGAAAGTAACGTA,Oligo_Opalin_Enpp6_1
AGCCACGTCGACGACC,Micro_Selplg_Siglech
TCAGTCCTCAAGCTGT,Micro_Selplg_Siglech
ACTGATGTCCACCTCA,Oligo_Opalin_Enpp6_1
AACACACCATGATAGA,Oligo_Opalin_Synpr
GACCGTGCAAGTAGTA,Endo_Flt1_Rgs5_Slc19a3_1
GCTGAATTCCACTAGA,Oligo_Opalin_Enpp6_1
GTGTGGCAGGGCTTCC,Oligo_Opalin_Synpr
CTGCCTAGTTGCTAGT,Endo_Flt1_Rgs5_Slc19a3_1
CCTATCGTCATTTCGT,Micro_Selplg_Siglech
CACATGACACTTGTCC,Oligo_Opalin_Enpp6_1
TGTGAGTCAATGTCTG,Oligo_Opalin_Synpr
GTGCGTGAGATAGTCA,Oligo_Opalin_Synpr
TGAGGTTAGCAAGTCG,Micro_Selplg_Siglech
CAACAACAGGTAGCAC,Oligo_Opalin_Synpr
CTCAGAAGTGCATGAG,Micro_Selplg_Siglech
TGGTAGTCAACTTCTT,Oligo_Opalin_Synpr
GAGACTTGTATCACGT,Oligo_Opalin_Synpr
CTGCTCAAGGATAATC,Oligo_Opalin_Enpp6_1
AGGGCCTCACATTCGA,Oligo_Opalin_Synpr
CCTTGTGTCTCCTGTG,Oligo_Opalin_Enpp6_1
TTGGATGAGCTTTCCC,Oligo_Opalin_Synpr
TTCATTGAGAGCCGTA,Micro_Selplg_Siglech
GAAGCCCTCCATGAGT,Endo_Flt1_Rgs5_Slc19a3_1
CACAGATCACGGCTAC,Oligo_Opalin_Synpr
CGTTAGAAGAAAGCGA,Oligo_Opalin_Synpr
CCTAAGAGTCTTCATT,Oligo_Opalin_Enpp6_1
AACCTTTAGTAATTGG,Oligo_Opalin_Synpr
TACGTCCTCGACCACG,Oligo_Opalin_Enpp6_1
AGGAAATAGCCGTTAT,Oligo_Opalin_Synpr
TAACGACCATACAGCT,Oligo_Opalin_Enpp6_1
AACAGGGTCTCTAAGG,Oligo_Opalin_Enpp6_1
TGGGATTCACCTCAGG,Micro_Selplg_Siglech
GCGGAAAGTACCAGAG,Oligo_Opalin_Enpp6_1
TCGACCTTCGTAGCCG,Lymphocyte_Itgal_Spn
GTTATGGGTGGCTGCT,Micro_Selplg_Siglech
ACCGTTCTCGAGGCAA,Oligo_Opalin_Enpp6_1
GCGGAAAAGCAGGTCA,Oligo_Opalin_Synpr
GGGATCCCAAGGGTCA,Oligo_Opalin_Synpr
TGCAGGCGTTTAGACC,Fibro_Eya2_Aox3
TAAGTCGTCGGTAGGA,Oligo_Opalin_Enpp6_2
ATGAAAGCAACTTCTT,Oligo_Opalin_Enpp6_1
GCACGTGCAAGCCCAC,Oligo_Opalin_Enpp6_1
GACTATGCAGGGTTGA,Endo_Flt1_Rgs5_Slc19a3_1
AGAGAGCTCAATGTCG,Oligo_Opalin_Enpp6_1
TCAGGGCGTAGTCACT,Endo_Flt1_Kcnj8
AGAACCTTCCCGTAAA,Oligo_Opalin_Synpr
TCACATTGTGCACAAG,Oligo_Opalin_Enpp6_1
GGACGTCTCGAGCCAC,Micro_Selplg_Siglech
GTCGTAAGTCGCGTCA,OPC_Cspg5
TATATCCCAAACTAGA,Oligo_Opalin_Enpp6_1
CCCGAAGCAGCGTGAA,Oligo_Opalin_Synpr
AACCCAACATTCTTCA,Oligo_Opalin_Synpr
CATTGCCTCGGAATTC,Oligo_Opalin_Enpp6_1
AACAGGGAGGCCTGAA,Oligo_Opalin_Synpr
CATACTTGTATGAGGC,Micro_Selplg_Siglech
TCACTCGGTCACATTG,Oligo_Opalin_Synpr
GAGACTTGTGGCAGAT,Oligo_Opalin_Synpr
TGTCCACTCGGCTCTT,Oligo_Opalin_Synpr
CATCCCACACTGTGTA,Oligo_Opalin_Synpr
CCCTAACGTTATGTGC,Oligo_Opalin_Synpr
ATACTTCTCTATTGTC,Oligo_Opalin_Synpr
ATTGGGTAGTTGGACG,Fibro_Eya2_Aox3
GGTTCTCCATACATCG,Oligo_Opalin_Synpr
GATAGCTTCACGATAC,Micro_Selplg_Siglech
TTCCACGAGCATCAAA,Oligo_Opalin_Enpp6_2
CATCGGGGTAGACTGG,Oligo_Opalin_Enpp6_1
TGTTTGTTCTCCCAAC,Fibro_Eya2_Aox3
GAATAGAGTTGGACCC,Oligo_Opalin_Enpp6_1
GGCTGTGTCCTAGCGG,Oligo_Opalin_Enpp6_1
CATTGAGCAGACGGAT,OPC_Cspg5
TCTCCGAGTGTAAATG,Oligo_Opalin_Enpp6_1
AGGTTGTCACAGCATT,Endo_Flt1_Kcnj8
TACTTCAAGAGAGGTA,Oligo_Opalin_Synpr
CTGTACCGTTTGGGAG,Micro_Selplg_Siglech
GGGAGATGTCCTATAG,Oligo_Opalin_Synpr
CTTCGGTAGGTATCTC,Oligo_Opalin_Enpp6_1
TCATGCCTCTGCGGCA,Oligo_Opalin_Synpr
ATCGATGTCCATTCAT,Oligo_Opalin_Synpr
TGTGGCGAGTCGGCCT,Oligo_Opalin_Enpp6_1
GTCAAGTAGTGCAACG,Oligo_Opalin_Enpp6_1
ATGAAAGTCCGTGTGG,Oligo_Opalin_Synpr
TCAGGGCCAATCGCGC,Endo_Flt1_Rgs5_Slc19a3_1
TAATTCCAGTCAGCCC,Endo_Flt1_Rgs5_Slc19a3_1
GCCTGTTGTTCTGACA,Oligo_Opalin_Enpp6_1
TACTTACAGCCTTTGA,Oligo_Opalin_Synpr
GTTGAACGTATCAGCT,Oligo_Opalin_Synpr
TGGGCTGTCAACTGGT,Oligo_Opalin_Enpp6_1
GCCAGGTAGCTGTTCA,Fibro_Eya2_Aox3
CACTTCGTCAAACTGC,Macro_Mrc1_Ms4a4a
GTCGAATAGCAGGGAG,Oligo_Opalin_Enpp6_1
TATATCCGTCCTCCAT,Endo_Flt1_Kcnj8
TTTGGTTTCCGATGCG,Micro_Selplg_Siglech
GCGATCGAGGGTTTCT,Micro_Selplg_Siglech
GTCTACCAGCCTATTG,Micro_Selplg_Siglech
TCATCCGGTGATTAGA,Oligo_Opalin_Enpp6_1
CAGTGCGTCACACCCT,Oligo_Opalin_Synpr
TAGGTTGCATCCTATT,Oligo_Opalin_Enpp6_1
CCCTAACAGTTCTACG,Fibro_Eya2_Aox3
GAGGGATGTCGTATGT,Oligo_Opalin_Synpr
TCTATCAAGATTGAGT,Oligo_Opalin_Enpp6_1
CACACAAGTCGATTTG,Oligo_Opalin_Enpp6_1
GGTCTGGGTTTGAAAG,Fibro_Eya2_Aox3
TGCTTGCAGGCATCAG,Oligo_Opalin_Synpr
TCGGATATCGCTAAAC,Micro_Selplg_Siglech
TTCATTGAGCGCCATC,Micro_Selplg_Siglech
GTCTACCTCGGCATCG,Oligo_Opalin_Enpp6_1
CGGTCAGTCAAGAGGC,Oligo_Opalin_Synpr
CTGGCAGTCGCAGAGA,Oligo_Opalin_Synpr
AGTAGTCTCGTCTCAC,OPC_Cspg5
AAAGTGATCTAATTCC,Oligo_Opalin_Synpr
CTACTATAGACAGCGT,Oligo_Opalin_Enpp6_1
TGGATGTCACTCTAGA,Oligo_Opalin_Enpp6_1
TCGGATACACGTATAC,Fibro_Eya2_Aox3
ACCCAAACATTGAAAG,Oligo_Opalin_Synpr
GGTGTTAAGGTTACCT,Fibro_Eya2_Aox3
AGGAGGTTCATTGGTG,Oligo_Opalin_Enpp6_1
CAGCGTGTCGTGGCGT,Oligo_Opalin_Synpr
GTAGGTTTCTTCTGTA,Oligo_Opalin_Synpr
GGGAGTACACGGGCTT,Oligo_Opalin_Synpr
TACCGGGTCATGGGAG,Oligo_Opalin_Enpp6_1
AAGACTCCAACTCGAT,Oligo_Opalin_Enpp6_1
ACATGCAGTCGAATGG,Micro_Selplg_Siglech
TTCGCTGGTGGGTATG,Micro_Selplg_Siglech
AAAGGATGTGCGTGCT,Oligo_Opalin_Synpr
TTCTGTAAGGAGAGGC,Fibro_Eya2_Aox3
GTGGAAGAGTCCGTCG,Oligo_Opalin_Enpp6_1
CGTGAATCATACCAGT,Oligo_Opalin_Enpp6_1
TGGGCTGAGTCATAGA,Macro_Mrc1_Ms4a4a
TTCTAGTTCAGGAAAT,Oligo_Opalin_Synpr
ACTGCAATCCAACTGA,Fibro_Eya2_Slc47a1_1
GTTGCGGAGACGGTTG,Oligo_Opalin_Synpr
TGGCGTGAGAACAGGA,Endo_Flt1_Rgs5_Slc19a3_1
ACTTCGCCAATCCAGT,Oligo_Opalin_Enpp6_1
GGATCTAAGTAACGTA,Oligo_Opalin_Synpr
GTCACTCTCTGTGCGG,Oligo_Opalin_Synpr
ATGTCCCGTTCTCGTC,Oligo_Opalin_Synpr
ACTTCGCGTCCCGTGA,Oligo_Opalin_Synpr
GACACGCTCTTAATCC,Oligo_Opalin_Enpp6_1
AAGCGTTCAGCGTATT,Ex_Sim1_Pla2r1
GTTTACTGTCGAATTC,Oligo_Opalin_Synpr
GTCGTTCGTCTCGCGA,Oligo_Opalin_Enpp6_1
CATCGTCGTTGCCGAC,Oligo_Opalin_Enpp6_1
GTCCACTGTACAACGG,Oligo_Opalin_Synpr
ATCCATTCACATATGC,Oligo_Opalin_Synpr
TCGATTTGTCCCTAAA,Oligo_Opalin_Enpp6_1
TCGAAGTAGAGTGTGC,Micro_Selplg_Siglech
CCTTCAGTCCTGTTGC,Micro_Selplg_Siglech
TTGTGTTGTATCGTAC,Oligo_Opalin_Synpr
CTGGACGTCTTTGCTA,Oligo_Opalin_Enpp6_1
GTAATCGTCCTATTTG,Micro_Selplg_Siglech
ACATCCCCAACATCGT,Oligo_Opalin_Enpp6_1
CTACATTTCAATGCAC,Endo_Flt1_Kcnj8
GCAACCGTCCTCTCTT,Macro_Mrc1_Ms4a4a
GCCATGGGTAGGTGCA,Oligo_Opalin_Enpp6_1
AACCTTTTCGATAACC,Oligo_Opalin_Enpp6_1
TGGTACACAAAGCAAT,OPC_Cspg5
GTAGGTTAGTGAGGTC,Micro_Selplg_Siglech
TTCTTCCCACGCGCTA,Micro_Selplg_Siglech
TACGGGCAGTTGTAGA,Micro_Selplg_Siglech
TCAAGACGTGACATCT,Oligo_Opalin_Synpr
AATGGCTAGACCATGG,Micro_Selplg_Siglech
CTGTCGTCATATCTCT,Oligo_Opalin_Synpr
TGCATCCGTCGCCTAG,Micro_Selplg_Siglech
TTTACGTAGGTCGTGA,Micro_Selplg_Siglech
TCCTGCAAGCAATAAC,Oligo_Opalin_Synpr
TCGCAGGGTCTCAAGT,Micro_Selplg_Siglech
CTGCCTATCGCATGAT,Micro_Selplg_Siglech
GCATCTCCACCCATAA,Micro_Selplg_Siglech
TCGTGGGAGAGTGTGC,Oligo_Opalin_Synpr
GGTCTGGGTGACTATC,Micro_Selplg_Siglech
GTGGCGTAGAGAGCGG,Micro_Selplg_Siglech
CTCCCAATCGCTTGCT,Micro_Selplg_Siglech
GGGATCCCAACCCTCT,Micro_Selplg_Siglech
AACAAGAGTAGACGTG,Endo_Flt1_Rgs5_Slc19a3_1
TTGGGCGAGCAGATAT,Oligo_Opalin_Synpr
ATCTCTACACCTCTAC,Oligo_Opalin_Synpr
TAGAGTCGTTGGGTAG,Micro_Selplg_Siglech
CAGATTGGTACCATAC,Micro_Selplg_Siglech
TGCGGCAGTGGTCCCA,Micro_Selplg_Siglech
TTAATCCAGGACAGTC,Oligo_Opalin_Synpr
TCAGGGCCAGTCCGTG,Oligo_Opalin_Synpr
TGGATCAAGAGGTGCT,Oligo_Opalin_Enpp6_1
AGAACAAGTAGAGATT,Micro_Selplg_Siglech
GTGCACGAGCGATGCA,Oligo_Opalin_Enpp6_1
ACAGCCGAGGGTCACA,Oligo_Opalin_Enpp6_1
AAGTCGTTCTGGGCCA,Oligo_Opalin_Enpp6_1
ATGCATGGTCGTGATT,Fibro_Eya2_Srpx2
ATTGGGTGTCCGGTGT,Micro_Selplg_Siglech
AGTCAACTCGAGATGG,Micro_Selplg_Siglech
CCTAACCTCTCGACGG,Oligo_Opalin_Synpr
GTTATGGAGCTTCGTA,Oligo_Opalin_Enpp6_1
CGCATAATCTAAGAAG,Micro_Selplg_Siglech
GCATTAGAGTGGTCAG,Micro_Selplg_Siglech
GAACTGTGTTGGGTTT,Oligo_Opalin_Enpp6_1
TCTCACGAGGATGTTA,Micro_Selplg_Siglech
ACGGGTCAGAGTACCG,Oligo_Opalin_Synpr
ACACCAAGTCAACCTA,Oligo_Opalin_Synpr
TTGGGTACAGGCTATT,Oligo_Opalin_Synpr
GTAGAGGCAGTTCTAG,Oligo_Opalin_Enpp6_1
TTTAGTCTCCCGAGAC,Oligo_Opalin_Synpr
TCATTACCATATCTGG,Oligo_Opalin_Synpr
CTACCTGAGCGGTAAC,OPC_Cspg5
CTATCTACATCTCCCA,Oligo_Opalin_Synpr
TAATTCCTCGCGTAGC,Micro_Selplg_Siglech
CATGCAATCCACTTCG,Fibro_Eya2_Slc47a1_1
CAAGACTTCGAACACT,Micro_Selplg_Siglech
GTTGTCCGTTAAGGAT,Oligo_Opalin_Synpr
ATGGATCAGAAACTAC,Oligo_Opalin_Enpp6_1
TAAGCCACAGGGATAC,Micro_Selplg_Siglech
CATGCCTCATGAAGGC,Endo_Flt1_Rgs5_Slc19a3_1
CTCAACCAGCCTCGTG,Fibro_Eya2_Aox3
AGTGATCAGCCGATCC,Endo_Flt1_Rgs5_Slc19a3_1
AGCGCCATCTGATGGT,OPC_Cspg5
CTGCGAGAGAGCGACT,Oligo_Opalin_Synpr
CCTCTCCTCCAAGGGA,Micro_Selplg_Siglech
AGCGCCAGTAGCTCGC,Oligo_Opalin_Enpp6_1
CGTTCTGTCGCGGTAC,Oligo_Opalin_Synpr
GTGCTGGTCCTGTTAT,Oligo_Opalin_Synpr
AGAGCAGGTCTGTCCT,Oligo_Opalin_Synpr
TTTCCTCGTAGACACG,Oligo_Opalin_Enpp6_1
GATCGTACAAGGAGTC,Endo_Flt1_Rgs5_Slc19a3_1
GTACAACAGGGAGTTC,Oligo_Opalin_Synpr
AACCCAAAGAGTCAAT,Oligo_Opalin_Synpr
AAGCGAGAGATAGGGA,Oligo_Opalin_Enpp6_1
TGAACGTCAACGACAG,Oligo_Opalin_Synpr
AGGATAAGTCGCCTAG,Micro_Selplg_Siglech
TCGACGGTCGAAGCCC,Micro_Selplg_Siglech
CACTAAGAGTCCCGAC,Micro_Selplg_Siglech
TCGTGGGAGTGAGTGC,Oligo_Opalin_Synpr
CGCATGGGTATCGGTT,Oligo_Opalin_Synpr
GCTTGGGGTAGTAAGT,Oligo_Opalin_Enpp6_1
TGCAGTATCGAGTGGA,Oligo_Opalin_Synpr
TGTCCCACATGGACAG,Endo_Flt1_Rgs5_Slc19a3_1
CGTCAAAGTTATGGTC,Oligo_Opalin_Enpp6_1
CTAAGTGCACCTCTGT,Oligo_Opalin_Synpr
CGTCAAACACTACACA,Oligo_Opalin_Enpp6_1
TCTCTGGAGTCTTCGA,Oligo_Opalin_Synpr
AAATGGAAGGCAGCTA,Fibro_Eya2_Srpx2
AATCGACGTACGCTTA,Oligo_Opalin_Synpr
ACGGTTACAGACCTGC,Oligo_Opalin_Enpp6_1
TTGATGGGTGCATGAG,Oligo_Opalin_Synpr
TGCATCCTCTGCTCTG,Micro_Selplg_Siglech
CCGAACGTCTAGGCCG,Fibro_Eya2_Aox3
GCGAGAAAGATTAGCA,Oligo_Opalin_Synpr
TGCATGAGTATGTCAC,Endo_Flt1_Rgs5_Slc19a3_1
GATGCTACACTCATAG,Oligo_Opalin_Synpr
CCCTAACTCTGAGATC,Oligo_Opalin_Enpp6_1
CAAGACTTCCGGGACT,Micro_Selplg_Siglech
GCCGTGATCACTGATG,Micro_Selplg_Siglech
TAGGAGGTCGTCAACA,Micro_Selplg_Siglech
TATTCCAGTGGGAGAG,Oligo_Opalin_Synpr
GGAATGGCACCATATG,Micro_Selplg_Siglech
GGGACTCAGATCGCCC,Oligo_Opalin_Synpr
GATGACTAGGTAAGAG,Oligo_Opalin_Synpr
GCGTTTCAGCTGGCCT,Micro_Selplg_Siglech
TCAAGCATCTAGGCAT,Oligo_Opalin_Enpp6_1
ACTACGAGTGCACAAG,Micro_Selplg_Siglech
TGAGCGCTCGTTGTGA,Micro_Selplg_Siglech
CAGCAATGTGGATTTC,Micro_Selplg_Siglech
TGCGATACAGGCTATT,Endo_Flt1_Rgs5_Slc19a3_1
CCTAAGAGTTCCGCGA,Micro_Selplg_Siglech
TGATGGTGTTGACTGT,Oligo_Opalin_Synpr
GCAGTTATCTACAGGT,Oligo_Opalin_Synpr
CGGGACTCATCAGCTA,Micro_Selplg_Siglech
AGCCACGAGTTGTAAG,Oligo_Opalin_Enpp6_1
GTAGAAATCCTCTCTT,Oligo_Opalin_Synpr
ACATGCACAGTCGTTA,Oligo_Opalin_Enpp6_1
CGTAGTATCACTGATG,Oligo_Opalin_Synpr
GGATGTTAGAACAGGA,Oligo_Opalin_Synpr
AAAGGATTCGATTGGT,Oligo_Opalin_Synpr
TCCTCCCCATCCTAAG,Oligo_Opalin_Synpr
TTCATGTAGGATGAGA,OPC_Cspg5
AACGTCAGTACCGGAA,Ex_Sall1_Vwa7
CACGTTCTCACTAGCA,Micro_Selplg_Siglech
TCGCTTGCATGGACAG,Oligo_Opalin_Enpp6_1
TACGGTATCAGTGCGC,OPC_Cspg5
ACTTATCGTACCGTCG,Oligo_Opalin_Synpr
GCCAGTGCATAAGCGG,Oligo_Opalin_Synpr
GGTGAAGGTACACGTT,Macro_Mrc1_Ms4a4a
ACACAGTTCACCTGGG,Micro_Selplg_Siglech
TGAGGTTTCGCTAGCG,Oligo_Opalin_Synpr
ACGTTCCAGAGTCTTC,Oligo_Opalin_Enpp6_1
AGCGTCGCATGCGTGC,OPC_Cspg5
CTCCACAAGACTAAGT,Micro_Selplg_Siglech
TACCGAAGTAGTCTGT,Endo_Flt1_Rgs5_Slc19a3_1
GGGCGTTGTGGGCTCT,Micro_Selplg_Siglech
CTCAATTGTAGCGATG,Micro_Selplg_Siglech
CGATGGCCAAGGTTGG,Oligo_Opalin_Synpr
TCACGCTAGCTCTGTA,Micro_Selplg_Siglech
ACTGCAATCCCTCAAC,Oligo_Opalin_Synpr
TAAGCACAGAGGCGGA,Endo_Flt1_Rgs5_Slc19a3_1
ATGGAGGCATCTTCGC,Endo_Flt1_Rgs5_Slc19a3_1
CTGGTCTGTCACTCAA,Endo_Flt1_Rgs5_Slc19a3_1
ACGGTCGCAGAAGTTA,Oligo_Opalin_Enpp6_1
ATACCGAGTGTGTCCG,Oligo_Opalin_Synpr
AATGAAGCACTTCTCG,Oligo_Opalin_Synpr
CAGCCAGAGGCTCTAT,Oligo_Opalin_Synpr
TGGGAAGCAATTGAAG,Micro_Selplg_Siglech
CTATCTATCCTCTCGA,Micro_Selplg_Siglech
GTCTACCCACACAGCC,Fibro_Eya2_Srpx2
GTATTGGAGGGCAAGG,Oligo_Opalin_Synpr
CCCGAAGTCATAGCAC,Oligo_Opalin_Enpp6_1
CGGGTGTTCTCCCAAC,Oligo_Opalin_Enpp6_1
CCGGACATCCGAGCTG,Oligo_Opalin_Enpp6_1
TCTTAGTGTGTTCATG,Fibro_Eya2_Srpx2
CAATTTCAGTTAACAG,Oligo_Opalin_Synpr
TGACAGTAGTCGAAAT,Oligo_Opalin_Synpr
ACCATTTGTGACAGCA,Oligo_Opalin_Synpr
GGTTAACTCTAGAGCT,Oligo_Opalin_Enpp6_1
CAACAACTCGAAGAAT,Oligo_Opalin_Synpr
CAACCAAAGAGTGAAG,Oligo_Opalin_Synpr
TCAATTCTCTCAGGCG,Oligo_Opalin_Synpr
CAGAGCCTCGCGCTGA,Oligo_Opalin_Enpp6_2
TTGTTTGGTCGTGATT,Micro_Selplg_Siglech
TTGTTGTTCCATTGGA,Oligo_Opalin_Synpr
CATTGTTTCAGGAGAC,Micro_Selplg_Siglech
GCTTCACCAGTGGGTA,Fibro_Eya2_Srpx2
CTATAGGTCTAAGAAG,Macro_Mrc1_H2-Aa
GCCGATGGTTCTGAGT,Micro_Selplg_Siglech
GGCGTCAGTCGTGGAA,Oligo_Opalin_Synpr
TCTCAGCGTACGGGAT,Endo_Flt1_Rgs5_Slc19a3_1
CTCGAGGGTTCCACAA,Micro_Selplg_Siglech
TCAAGACGTTCTCGCT,Micro_Selplg_Siglech
CAACGGCAGTAGTGCG,Oligo_Opalin_Synpr
GTTACAGGTACGACAG,Endo_Flt1_Kcnj8
GGAGAACGTGGTCCCA,Micro_Selplg_Siglech
CGCCATTGTTTAAGGA,Oligo_Opalin_Synpr
GTCATCCAGTAACCGG,Oligo_Opalin_Synpr
TTCGCTGCATACCAGT,Oligo_Opalin_Enpp6_1
TGGGAGATCGGCAGTC,Oligo_Opalin_Synpr
ATACCGAGTATCTTCT,Endo_Flt1_Kcnj8
TGCAGTATCCGTGGGT,Micro_Selplg_Siglech
CTCCACATCGCAAGAG,Micro_Selplg_Siglech
TGTAACGGTAGGTAGC,Tanycyte_Rax_Ccdc170
CTTCCGAGTATCGATC,Oligo_Opalin_Enpp6_1
TACCGGGCAGTTTGGT,Oligo_Opalin_Synpr
GCTTTCGTCCGTAATG,Oligo_Opalin_Enpp6_1
CGGCAGTTCGGATTAC,Oligo_Opalin_Synpr
ATGTCCCTCTCGCAGG,Micro_Selplg_Siglech
CACTGGGCAGAGGAAA,Oligo_Opalin_Synpr
TCAGCAACACGTCGGT,Micro_Selplg_Siglech
CATGCCTGTGGTTTGT,Oligo_Opalin_Enpp6_1
TGTCCACCAAGTGACG,Oligo_Opalin_Synpr
TCTACCGGTGACCGTC,Oligo_Opalin_Synpr
GTAGATCAGATTAGAC,Macro_Mrc1_H2-Aa
TGTTGGACATGATCTG,OPC_Cspg5
GGGATCCCAGATTCGT,Micro_Selplg_Siglech
CGAAGGATCTCGGTCT,Oligo_Opalin_Synpr
CGCATGGAGTCTAGCT,Micro_Selplg_Siglech
AGTACTGTCCCATACC,Fibro_Eya2_Srpx2
AGCTCAAAGAGGTCAC,Oligo_Opalin_Synpr
GTCAAACGTGACACGA,Oligo_Opalin_Synpr
CACCAAAGTGCGTCGT,Oligo_Opalin_Enpp6_1
AAAGGATTCAACGAGG,Oligo_Opalin_Enpp6_1
AGACACTTCCCTTGTG,Oligo_Opalin_Synpr
AGTCATGTCGAGTACT,Oligo_Opalin_Synpr
TTTATGCCAGCTTCGG,Oligo_Opalin_Synpr
TAGACCAGTCGGTACC,Micro_Selplg_Siglech
AGGTCATTCCCTTGGT,Oligo_Opalin_Enpp6_1
GTCATCCAGTTTCTTC,Inh_Ecel1_Cd36_1
TGGGCGTGTCTACAAC,Micro_Selplg_Siglech
TCAGGTACAAGAGTAT,Micro_Selplg_Siglech
CAGAGCCGTTGCTGAT,Oligo_Opalin_Enpp6_1
ATGGATCAGTTGGCTT,Micro_Selplg_Siglech
CGGCAGTAGCACTAGG,Micro_Selplg_Siglech
CTTGAGAAGCGTCAAG,Micro_Selplg_Siglech
CGCAGGTGTGTCTAAC,Micro_Selplg_Siglech
GAGTCTATCTTGTTAC,Oligo_Opalin_Synpr
TTCTTCCTCTCCCATG,Micro_Selplg_Siglech
GTTCTATGTCCCGGTA,Fibro_Eya2_Aox3
AAAGGATAGAGCAGAA,Oligo_Opalin_Synpr
ACAAAGAAGGCGATAC,Oligo_Opalin_Synpr
CAAGACTTCTGTGCAA,Oligo_Opalin_Synpr
GGGACCTGTGCTGTCG,Micro_Selplg_Siglech
TAACTTCAGAGGTTTA,Oligo_Opalin_Synpr
CATGCGGGTGATACCT,Macro_Mrc1_H2-Aa
TTCACGCGTTTCGTGA,Oligo_Opalin_Synpr
CATTCATGTGTTCATG,Micro_Selplg_Siglech
GTAGGTTTCATTACTC,Oligo_Opalin_Synpr
TAGCACAGTTCGGCCA,Micro_Selplg_Siglech
TCGGGTGCAATTCTCT,Fibro_Eya2_Dapl1
TGGATCAAGCAGCAGT,Oligo_Opalin_Synpr
TACGCTCGTGCCTACG,Micro_Selplg_Siglech
AGTCACATCGGTCATA,Oligo_Opalin_Synpr
GATTGGTTCTAGTTCT,Endo_Flt1_Rgs5_Slc19a3_1
TTTCACATCAGTAGGG,Oligo_Opalin_Synpr
CTTTCGGAGCGCCTCA,Oligo_Opalin_Synpr
GTATTGGGTACATACC,Oligo_Opalin_Synpr
AGCGCCAAGCTTTCCC,Micro_Selplg_Siglech
ACCTGTCGTTCCTTGC,Endo_Flt1_Rgs5_Slc19a3_1
GTAAGTCTCGCTATTT,Oligo_Opalin_Synpr
GGTGTCGAGTTCGCAT,Fibro_Eya2_Srpx2
GTTAGACAGAGGTTTA,Oligo_Opalin_Synpr
TGGGAAGTCGAGTGAG,Oligo_Opalin_Enpp6_1
TCAGCAAGTCGTCAGC,Endo_Flt1_Kcnj8
GTAGGTTTCCGCACTT,Granulocyte_Ly6g_Ltf_2
GGGATCCTCATATGGC,Endo_Flt1_Kcnj8
GGGAGATTCGAGTGAG,Endo_Flt1_Kcnj8
CATTGTTCAGGAGGTT,Oligo_Opalin_Synpr
TTACGCCGTCTGTAGT,Micro_Selplg_Siglech
TGTTCATCAATTCTTC,Macro_Mrc1_Ms4a4a
CTCCCAATCTAAGAAG,Oligo_Opalin_Synpr
AGACCATGTAGGTTTC,Endo_Flt1_Kcnj8
CGAGTTATCGTAACTG,Micro_Selplg_Siglech
AAGTCGTCATCCAATG,Micro_Selplg_Siglech
TGACGCGCAGGCATTT,Endo_Flt1_Kcnj8
TCCTCGATCTCCCATG,Micro_Selplg_Siglech
GCACATAGTAAGTAGT,Micro_Selplg_Siglech
GTGTTCCCACATAACC,Oligo_Opalin_Synpr
GTGGGAAGTCAGTCCG,Macro_Mrc1_Ms4a4a
GAGACTTGTTTGTTCT,Endo_Flt1_Rgs5_Slc19a3_1
GAGACTTGTCATCACA,Oligo_Opalin_Synpr
TCGTAGAGTACCATAC,Endo_Flt1_Kcnj8
AAGCGTTGTTTGCAGT,Oligo_Opalin_Synpr
GAGAGGTAGGATCACG,Micro_Selplg_Siglech
GCGAGAAGTCACTTCC,Micro_Selplg_Siglech
ACTTTCAAGTATGGAT,Oligo_Opalin_Synpr
TAGCACAGTAGAATGT,Endo_Flt1_Kcnj8
ACTATGGAGAACCGCA,Endo_Flt1_Kcnj8
CGTTGGGAGAGTCAGC,Oligo_Opalin_Enpp6_1
TAGATCGGTAACGATA,Macro_Mrc1_H2-Aa
GATTCGATCAGCATTG,Oligo_Opalin_Enpp6_1
AGCATCAGTACCTAAC,Micro_Selplg_Siglech
GCCCGAAAGTCCGTCG,Macro_Mrc1_Ms4a4a
AGGGAGTTCAACCGAT,Endo_Flt1_Rgs5_Slc19a3_1
AGAACCTTCAGGAGAC,Micro_Selplg_Siglech
GAAATGACACAGAGAC,Macro_Mrc1_H2-Aa
AGTAGCTTCGAACGCC,Oligo_Opalin_Synpr
ATCAGGTCATCTGGGC,Endo_Flt1_Rgs5_Slc19a3_1
CCGTTCAAGGATCACG,Macro_Mrc1_Ms4a4a
GCGTTTCAGAATCCCT,Oligo_Opalin_Synpr
CGACAGCAGGGATCGT,Micro_Selplg_Siglech
ACGGTCGCAAGTGGTG,Oligo_Opalin_Synpr
TTTCAGTTCCGCGAGT,Oligo_Opalin_Synpr
CTAACTTAGACGGAAA,Micro_Selplg_Siglech
AGGATCTAGCATATGA,OPC_Cspg5
CGAGTTATCCACACAA,Oligo_Opalin_Enpp6_2
TCGCTTGTCTTGCAAG,Oligo_Opalin_Enpp6_1
AAGGAATGTTGGGTTT,Micro_Selplg_Siglech
AACGAAATCGAGTGAG,Micro_Selplg_Siglech
TCCTTTCTCGAGATAA,Endo_Flt1_Kcnj8
GGGAGATCAGCCTACG,Micro_Selplg_Siglech
CTTCCTTAGGATGCGT,Oligo_Opalin_Enpp6_1
CGTCAAAAGGGTCTTT,Oligo_Opalin_Synpr
AAGAACAAGTAATCCC,Micro_Selplg_Siglech
CACGTGGGTAGGAGGG,Oligo_Opalin_Synpr
TTGGGCGTCATTCGTT,Micro_Selplg_Siglech
TATCTTGAGACTCATC,Micro_Selplg_Siglech
CTGCAGGTCTGGAGAG,Endo_Flt1_Rgs5_Slc19a3_1
TTGATGGGTCGTGGAA,Micro_Selplg_Siglech
GTAGATCTCGGACGTC,Micro_Selplg_Siglech
AAGTGAACAGGCAATG,Micro_Selplg_Siglech
GTAGAGGAGAAATCCA,Micro_Selplg_Siglech
TTGAACGCATCATTTC,Endo_Flt1_Rgs5_Slc19a3_1
AGACTCAGTTTACTGG,Oligo_Opalin_Synpr
CATCCGTCAGTGTGCC,Micro_Selplg_Siglech
GAAGCGAGTTCGGCGT,Macro_Mrc1_Ms4a4a
TCGTGGGCACTCCGAG,Endo_Flt1_Kcnj8
AAACCCAGTCGATGCC,Oligo_Opalin_Synpr
AGCTCAAGTTGTGGCC,Micro_Selplg_Siglech
GTCATTTGTCCACTTC,Endo_Flt1_Kcnj8
AGAGAATAGCCTGAGA,Micro_Selplg_Siglech
TCATGAGTCGCACGAC,Macro_Mrc1_Ms4a4a
TTGCGTCGTGGGTATG,Ex_Lmx1a_H2-Q10_3
GGTGAAGGTCTCGGGT,Oligo_Opalin_Synpr
GAGGGATCAAGCGAGT,Oligo_Opalin_Synpr
GTCTGTCGTGCCGGTT,OPC_Cspg5
GTTCGCTAGGGAGGAC,Micro_Selplg_Siglech
CTTTCGGAGCCATGCC,Micro_Selplg_Siglech
CAACAGTCAAGACAAT,Oligo_Opalin_Synpr
GTCACGGTCGATTGAC,Oligo_Opalin_Synpr
ACCGTTCAGTGGCAGT,Macro_Mrc1_Ms4a4a
CGTAATGTCTTACCAT,Micro_Selplg_Siglech
TGAGCATGTGGTCTTA,Endo_Flt1_Rgs5_Slc19a3_1
GTGGAGACAACAGCTT,OPC_Cspg5
GGTTCTCGTGACTGTT,Micro_Selplg_Siglech
TCATGAGTCTCCTACG,Endo_Flt1_Rgs5_Slc19a3_1
GCAGGCTTCTTTCTAG,Ex_Lhx2_Nek11_4
AGTCAACGTGAACTAA,Endo_Flt1_Kcnj8
ATCGTGATCGCATGAT,Macro_Mrc1_Ms4a4a
CGTGCTTGTACAATAG,Endo_Flt1_Rgs5_Slc19a3_1
CACAGGCGTCGCGTTG,Micro_Selplg_Siglech
GTGATGTGTTCAAACC,Endo_Flt1_Kcnj8
ACGGTCGCAAGACCGA,Oligo_Opalin_Synpr
GATTCGAGTGTCTCCT,Endo_Flt1_Rgs5_Slc19a3_1
CTTGATTAGCTTCATG,OPC_Cspg5
CTGCGAGAGGGCTGAT,Endo_Flt1_Kcnj8
CAGATACCAAGTGGTG,OPC_Cspg5
CATGCCTAGCAACTCT,Ex_Sim1_Ucn3_1
AGGTCTATCGCGATCG,Endo_Flt1_Kcnj8
CACGAATTCTGTTCAT,Oligo_Opalin_Synpr
AACAAAGAGTGGAAGA,Endo_Flt1_Rgs5_Slc19a3_1
CGTGTCTGTTTCTATC,Oligo_Opalin_Enpp6_1
CACTTCGTCGCGCCAA,Micro_Selplg_Siglech
GGGCCATTCAAGCCTA,OPC_Cspg5
GAGCCTGAGTGGTGGT,OPC_Cspg5
GAGGGTAGTCGGAACA,Endo_Flt1_Rgs5_Slc19a3_1
TGTGGCGAGGCCTTGC,Oligo_Opalin_Enpp6_1
GCCATTCTCTAAGAAG,Macro_Mrc1_Ms4a4a
TCAGGTACATTGGGAG,Macro_Mrc1_Ms4a4a
TGGGAGACAAAGTATG,Micro_Selplg_Siglech
ACGATCATCAGAGCAG,OPC_Cspg5
GCTTGGGTCTCATTGT,Oligo_Opalin_Enpp6_1
TCGGATAAGGATTTAG,Endo_Flt1_Kcnj8
AGTGATCGTTCTCGTC,Endo_Flt1_Lrg1_1
CATCCGTAGAGTCCGA,Oligo_Opalin_Enpp6_1
TCGCAGGAGAGCATTA,Endo_Flt1_Rgs5_Slc19a3_1
TTGATGGAGCCTGTGC,Oligo_Opalin_Enpp6_1
TGTTCTATCCTATGGA,Oligo_Opalin_Synpr
CTACAGAGTTGGGTTT,Oligo_Opalin_Enpp6_1
AACCATGTCTAGTGTG,Oligo_Opalin_Enpp6_1
TGAGCGCAGACCAAGC,Endo_Flt1_Rgs5_Slc19a3_1
AGTAGTCTCGTGACTA,OPC_Cspg5
ATCGGCGTCTCAACCC,Oligo_Opalin_Enpp6_1
GTGTTAGTCCGTGCGA,Endo_Flt1_Kcnj8
ATGAGTCTCGAGTCTA,Endo_Flt1_Rgs5_Slc19a3_1
AGGTCATTCAGCGTCG,Oligo_Opalin_Synpr
GAGTTACGTAGTTACC,OPC_Cspg5
ATCGGATAGTGCAGCA,OPC_Cspg5
CTGGACGTCATGCGGC,Oligo_Opalin_Synpr
TCCCAGTAGCGTTGTT,Oligo_Opalin_Synpr
CACTGAAAGTTTCTTC,Oligo_Opalin_Synpr
GGGCTACGTGACCTGC,Micro_Selplg_Siglech
GTTACGATCGATGCAT,Micro_Selplg_Siglech
CTAGACAAGTGCACTT,Micro_Selplg_Siglech
GATAGAATCGACGCTG,Micro_Selplg_Siglech
CAAGGGAAGTCCGCGT,Micro_Selplg_Siglech
GAGACCCGTCGTTTCC,Micro_Selplg_Siglech
GCAGGCTAGTTCCGTA,Inh_Lhx1_Dlk1_1
AGCGTCGTCTTGGTCC,OPC_Cspg5
GTGGTTACAGGCTCTG,Ex_Pou4f2_Sult3a2_9
TCACAAGGTGATTCAC,Oligo_Opalin_Synpr
TAACCAGTCTTCACAT,Inh_Lhx1_Dlk1_3
GTGGCGTCATGTGGTT,Oligo_Opalin_Synpr
AGCGTCGTCTTACACT,Micro_Selplg_Siglech
GGGACCTTCGTAGTGT,Micro_Selplg_Siglech
ACGGTCGTCTAGGCCG,Micro_Selplg_Siglech
GTGACGCGTGTAGCAG,Fibro_Eya2_Aox3
GAGACCCCAAGTGGTG,Micro_Selplg_Siglech
CGAGGCTCAAACGTGG,Micro_Selplg_Siglech
